cell_key,batch,idx,policy,group,cycle_life,n_cycles,QD_last,censored,labeled,label_550,C1,Q1,C2,t80_min,avgC_80
batch1-00,batch1,0,3.6C(80%)-3.6C,fastcharge,1190.0,1189,1.0262098,True,False,1.0,3.6,80.0,3.6,13.333333333333332,3.6000000000000005
batch1-01,batch1,1,3.6C(80%)-3.6C,fastcharge,1179.0,1178,1.0382246,True,False,1.0,3.6,80.0,3.6,13.333333333333332,3.6000000000000005
batch1-02,batch1,2,3.6C(80%)-3.6C,fastcharge,1177.0,1176,1.0432786,True,False,1.0,3.6,80.0,3.6,13.333333333333332,3.6000000000000005
batch1-03,batch1,3,4C(80%)-4C,fastcharge,1226.0,1225,0.97092122,True,False,1.0,4.0,80.0,4.0,12.0,4.0
batch1-04,batch1,4,4C(80%)-4C,fastcharge,1227.0,1226,1.0219597,True,False,1.0,4.0,80.0,4.0,12.0,4.0
batch1-05,batch1,5,4.4C(80%)-4.4C,fastcharge,1074.0,1073,0.88053626,False,True,1.0,4.4,80.0,4.4,10.909090909090908,4.4
batch1-06,batch1,6,4.8C(80%)-4.8C,fastcharge,636.0,635,0.8800565,False,True,1.0,4.8,80.0,4.8,10.0,4.800000000000001
batch1-07,batch1,7,4.8C(80%)-4.8C,fastcharge,870.0,869,0.88110596,False,True,1.0,4.8,80.0,4.8,10.0,4.800000000000001
batch1-08,batch1,8,5.4C(40%)-3.6C,fastcharge,879.0,878,0.96902454,True,False,1.0,5.4,40.0,3.6,11.11111111111111,4.32
batch1-09,batch1,9,5.4C(40%)-3.6C,fastcharge,1054.0,1053,0.8809284,False,True,1.0,5.4,40.0,3.6,11.11111111111111,4.32
batch1-10,batch1,10,5.4C(50%)-3C,fastcharge,906.0,905,0.96101874,True,False,1.0,5.4,50.0,3.0,11.555555555555555,4.153846153846154
batch1-11,batch1,11,5.4C(50%)-3C,fastcharge,788.0,787,0.88054359,False,True,1.0,5.4,50.0,3.0,11.555555555555555,4.153846153846154
batch1-12,batch1,12,5.4C(50%)-3.6C,fastcharge,902.0,901,0.91311944,True,False,1.0,5.4,50.0,3.6,10.555555555555555,4.5473684210526315
batch1-13,batch1,13,5.4C(50%)-3.6C,fastcharge,897.0,896,0.92313582,True,False,1.0,5.4,50.0,3.6,10.555555555555555,4.5473684210526315
batch1-14,batch1,14,5.4C(60%)-3C,fastcharge,880.0,879,0.8800649,False,True,1.0,5.4,60.0,3.0,10.666666666666666,4.500000000000001
batch1-15,batch1,15,5.4C(60%)-3C,fastcharge,719.0,718,0.88298881,False,True,1.0,5.4,60.0,3.0,10.666666666666666,4.500000000000001
batch1-16,batch1,16,5.4C(60%)-3.6C,fastcharge,862.0,861,0.88096577,False,True,1.0,5.4,60.0,3.6,10.0,4.800000000000001
batch1-17,batch1,17,5.4C(60%)-3.6C,fastcharge,857.0,856,0.8832469,False,True,1.0,5.4,60.0,3.6,10.0,4.800000000000001
batch1-18,batch1,18,5.4C(70%)-3C,fastcharge,691.0,690,0.88114411,False,True,1.0,5.4,70.0,3.0,9.777777777777779,4.909090909090909
batch1-19,batch1,19,5.4C(70%)-3C,fastcharge,788.0,787,0.88093972,False,True,1.0,5.4,70.0,3.0,9.777777777777779,4.909090909090909
batch1-20,batch1,20,5.4C(80%)-5.4C,fastcharge,534.0,533,0.88078493,False,True,0.0,5.4,80.0,5.4,8.888888888888888,5.400000000000001
batch1-21,batch1,21,5.4C(80%)-5.4C,fastcharge,559.0,558,0.88016534,False,True,1.0,5.4,80.0,5.4,8.888888888888888,5.400000000000001
batch1-22,batch1,22,6C(30%)-3.6C,fastcharge,891.0,890,0.96327895,True,False,1.0,6.0,30.0,3.6,11.333333333333334,4.235294117647059
batch1-23,batch1,23,6C(30%)-3.6C,fastcharge,1014.0,1013,0.88066453,False,True,1.0,6.0,30.0,3.6,11.333333333333334,4.235294117647059
batch1-24,batch1,24,6C(40%)-3C,fastcharge,1017.0,1016,0.88046598,False,True,1.0,6.0,40.0,3.0,12.0,4.0
batch1-25,batch1,25,6C(40%)-3C,fastcharge,854.0,853,0.88019997,False,True,1.0,6.0,40.0,3.0,12.0,4.0
batch1-26,batch1,26,6C(40%)-3.6C,fastcharge,870.0,869,0.88105017,False,True,1.0,6.0,40.0,3.6,10.666666666666666,4.500000000000001
batch1-27,batch1,27,6C(40%)-3.6C,fastcharge,842.0,841,0.88130057,False,True,1.0,6.0,40.0,3.6,10.666666666666666,4.500000000000001
batch1-28,batch1,28,6C(50%)-3C,fastcharge,860.0,859,0.88058227,False,True,1.0,6.0,50.0,3.0,11.0,4.363636363636364
batch1-29,batch1,29,6C(50%)-3C,fastcharge,917.0,916,0.88035375,False,True,1.0,6.0,50.0,3.0,11.0,4.363636363636364
batch1-30,batch1,30,6C(50%)-3.6C,fastcharge,709.0,708,0.88054287,False,True,1.0,6.0,50.0,3.6,10.0,4.800000000000001
batch1-31,batch1,31,6C(50%)-3.6C,fastcharge,876.0,875,0.88099223,False,True,1.0,6.0,50.0,3.6,10.0,4.800000000000001
batch1-32,batch1,32,6C(60%)-3C,fastcharge,731.0,730,0.88080907,False,True,1.0,6.0,60.0,3.0,10.0,4.800000000000001
batch1-33,batch1,33,6C(60%)-3C,fastcharge,757.0,756,0.88011229,False,True,1.0,6.0,60.0,3.0,10.0,4.800000000000001
batch1-34,batch1,34,7C(30%)-3.6C,fastcharge,742.0,741,0.88205445,False,True,1.0,7.0,30.0,3.6,10.904761904761905,4.40174672489083
batch1-35,batch1,35,7C(30%)-3.6C,fastcharge,703.0,702,0.8802399,False,True,1.0,7.0,30.0,3.6,10.904761904761905,4.40174672489083
batch1-36,batch1,36,7C(40%)-3C,fastcharge,704.0,703,0.88231802,False,True,1.0,7.0,40.0,3.0,11.428571428571429,4.2
batch1-37,batch1,37,7C(40%)-3C,fastcharge,648.0,647,0.88336319,False,True,1.0,7.0,40.0,3.0,11.428571428571429,4.2
batch1-38,batch1,38,7C(40%)-3.6C,fastcharge,617.0,616,0.88110942,False,True,1.0,7.0,40.0,3.6,10.095238095238095,4.754716981132076
batch1-39,batch1,39,7C(40%)-3.6C,fastcharge,625.0,624,0.88011074,False,True,1.0,7.0,40.0,3.6,10.095238095238095,4.754716981132076
batch1-40,batch1,40,8C(15%)-3.6C,fastcharge,966.0,965,0.88060951,False,True,1.0,8.0,15.0,3.6,11.958333333333334,4.013937282229965
batch1-41,batch1,41,8C(15%)-3.6C,fastcharge,1051.0,1050,0.88106161,False,True,1.0,8.0,15.0,3.6,11.958333333333334,4.013937282229965
batch1-42,batch1,42,8C(25%)-3.6C,fastcharge,702.0,701,0.88035142,False,True,1.0,8.0,25.0,3.6,11.041666666666666,4.3471698113207555
batch1-43,batch1,43,8C(25%)-3.6C,fastcharge,651.0,650,0.88044435,False,True,1.0,8.0,25.0,3.6,11.041666666666666,4.3471698113207555
batch1-44,batch1,44,8C(35%)-3.6C,fastcharge,616.0,615,0.88048309,False,True,1.0,8.0,35.0,3.6,10.125,4.7407407407407405
batch1-45,batch1,45,8C(35%)-3.6C,fastcharge,599.0,598,0.88104212,False,True,1.0,8.0,35.0,3.6,10.125,4.7407407407407405
batch2-00,batch2,0,5.2C(58%)-4C,fastcharge,477.0,496,0.82661337,False,True,0.0,5.2,58.0,4.0,9.99230769230769,4.803695150115475
batch2-01,batch2,1,5.6C(26%)-4.5C,fastcharge,491.0,513,0.82848173,False,True,0.0,5.6,26.0,4.5,9.985714285714288,4.806866952789699
batch2-02,batch2,2,5.2C(50%)-4.25C,fastcharge,424.0,439,0.82700932,False,True,0.0,5.2,50.0,4.25,10.004524886877828,4.797829036635007
batch2-03,batch2,3,4.65C(44%)-5C,fastcharge,499.0,517,0.82550967,False,True,0.0,4.65,44.0,5.0,9.997419354838708,4.80123902942695
batch2-04,batch2,4,4.65C(69%)-6C,fastcharge,444.0,464,0.82712674,False,True,0.0,4.65,69.0,6.0,10.003225806451612,4.798452112221865
batch2-05,batch2,5,3.6C(30%)-6C,fastcharge,416.0,445,0.8261537,False,True,0.0,3.6,30.0,6.0,10.0,4.800000000000001
batch2-06,batch2,6,3.6C(9%)-5C,fastcharge,393.0,409,0.82940364,False,True,0.0,3.6,9.0,5.0,10.02,4.790419161676647
batch2-07,batch2,7,4.8C(80%)-4.8C-newstructure,newstructure,777.0,806,0.8264814,False,True,1.0,4.8,80.0,4.8,10.0,4.800000000000001
batch2-08,batch2,8,5.2C(58%)-4C-newstructure,newstructure,904.0,947,0.8255862,False,True,1.0,5.2,58.0,4.0,9.99230769230769,4.803695150115475
batch2-09,batch2,9,5.6C(26%)-4.5C-newstructure,newstructure,791.0,819,0.82610458,False,True,1.0,5.6,26.0,4.5,9.985714285714288,4.806866952789699
batch2-10,batch2,10,4.8C(80%)-4.8C,fastcharge,492.0,519,0.82791102,False,True,0.0,4.8,80.0,4.8,10.0,4.800000000000001
batch2-11,batch2,11,5.2C(50%)-4.25C,fastcharge,449.0,468,0.82524824,False,True,0.0,5.2,50.0,4.25,10.004524886877828,4.797829036635007
batch2-12,batch2,12,4.65C(44%)-5C,fastcharge,466.0,493,0.82528538,False,True,0.0,4.65,44.0,5.0,9.997419354838708,4.80123902942695
batch2-13,batch2,13,4.65C(69%)-6C,fastcharge,460.0,483,0.82574999,False,True,0.0,4.65,69.0,6.0,10.003225806451612,4.798452112221865
batch2-14,batch2,14,3.6C(30%)-6C,fastcharge,426.0,461,0.82618046,False,True,0.0,3.6,30.0,6.0,10.0,4.800000000000001
batch2-15,batch2,15,3.6C(9%)-5C,fastcharge,396.0,414,0.82608759,False,True,0.0,3.6,9.0,5.0,10.02,4.790419161676647
batch2-16,batch2,16,4.8C(80%)-4.8C,fastcharge,472.0,499,0.82648873,False,True,0.0,4.8,80.0,4.8,10.0,4.800000000000001
batch2-17,batch2,17,5.6C(26%)-4.5C,fastcharge,471.0,494,0.8272146,False,True,0.0,5.6,26.0,4.5,9.985714285714288,4.806866952789699
batch2-18,batch2,18,5.2C(50%)-4.25C,fastcharge,449.0,467,0.82719898,False,True,0.0,5.2,50.0,4.25,10.004524886877828,4.797829036635007
batch2-19,batch2,19,6C(60%)-3C,fastcharge,392.0,411,0.82597393,False,True,0.0,6.0,60.0,3.0,10.0,4.800000000000001
batch2-20,batch2,20,5.2C(58%)-4C,fastcharge,489.0,506,0.82856864,False,True,0.0,5.2,58.0,4.0,9.99230769230769,4.803695150115475
batch2-21,batch2,21,6C(60%)-3C,fastcharge,408.0,426,0.82783753,False,True,0.0,6.0,60.0,3.0,10.0,4.800000000000001
batch2-22,batch2,22,VarCharge-2C-100cycles,varcharge,,920,1.0556005,False,False,,,,,,
batch2-23,batch2,23,VarCharge-4C-100cycles,varcharge,,1152,0.97824305,False,False,,,,,,
batch2-24,batch2,24,4.8C(80%)-4.8C,fastcharge,514.0,536,0.82615805,False,True,0.0,4.8,80.0,4.8,10.0,4.800000000000001
batch2-25,batch2,25,5.2C(58%)-4C,fastcharge,493.0,511,0.82751423,False,True,0.0,5.2,58.0,4.0,9.99230769230769,4.803695150115475
batch2-26,batch2,26,5.6C(26%)-4.5C,fastcharge,450.0,476,0.82529837,False,True,0.0,5.6,26.0,4.5,9.985714285714288,4.806866952789699
batch2-27,batch2,27,5.2C(50%)-4.25C,fastcharge,474.0,493,0.8266983,False,True,0.0,5.2,50.0,4.25,10.004524886877828,4.797829036635007
batch2-28,batch2,28,4.8C(80%)-4.8C,fastcharge,437.0,456,0.82741743,False,True,0.0,4.8,80.0,4.8,10.0,4.800000000000001
batch2-29,batch2,29,5.2C(58%)-4C,fastcharge,452.0,470,0.82541627,False,True,0.0,5.2,58.0,4.0,9.99230769230769,4.803695150115475
batch2-30,batch2,30,5.6C(26%)-4.5C,fastcharge,412.0,429,0.82665932,False,True,0.0,5.6,26.0,4.5,9.985714285714288,4.806866952789699
batch2-31,batch2,31,5.6C(26%)-4.5C,fastcharge,425.0,446,0.82528561,False,True,0.0,5.6,26.0,4.5,9.985714285714288,4.806866952789699
batch2-32,batch2,32,4.8C(80%)-4.8C-newstructure,newstructure,809.0,834,0.82744044,False,True,1.0,4.8,80.0,4.8,10.0,4.800000000000001
batch2-33,batch2,33,5.2C(58%)-4C-newstructure,newstructure,1140.0,1190,0.82506907,False,True,1.0,5.2,58.0,4.0,9.99230769230769,4.803695150115475
batch2-34,batch2,34,5.6C(26%)-4.5C-newstructure,newstructure,1186.0,1252,0.82562441,False,True,1.0,5.6,26.0,4.5,9.985714285714288,4.806866952789699
batch2-35,batch2,35,VarCharge-6C-100cycles,varcharge,,423,0.88112044,False,False,,,,,,
batch2-36,batch2,36,VarCharge-8C-100cycles,varcharge,,280,0.88107425,False,False,,,,,,
batch2-37,batch2,37,3.6C(80%)-3.6C(SLOWCYCLE,slowcycle,,101,2.1693008,False,False,,3.6,80.0,3.6,13.333333333333332,3.6000000000000005
batch2-38,batch2,38,4.8C(80%)-4.8C(SLOWCYCLE,slowcycle,,101,2.1653843,False,False,,4.8,80.0,4.8,10.0,4.800000000000001
batch2-39,batch2,39,3.6C(9%)-5C(SLOWCYCLE,slowcycle,,434,0.88120419,False,False,,3.6,9.0,5.0,10.02,4.790419161676647
batch2-40,batch2,40,5.2C(58%)-4C(SLOWCYCLE,slowcycle,,459,0.88021344,False,False,,5.2,58.0,4.0,9.99230769230769,4.803695150115475
batch2-41,batch2,41,5.6C(26%)-4.5C,fastcharge,442.0,463,0.82606894,False,True,0.0,5.6,26.0,4.5,9.985714285714288,4.806866952789699
batch2-42,batch2,42,5.2C(50%)-4.25C,fastcharge,474.0,497,0.82577723,False,True,0.0,5.2,50.0,4.25,10.004524886877828,4.797829036635007
batch2-43,batch2,43,4.8C(80%)-4.8C-newstructure,newstructure,1029.0,1061,0.82532436,False,True,1.0,4.8,80.0,4.8,10.0,4.800000000000001
batch2-44,batch2,44,5.2C(58%)-4C-newstructure,newstructure,841.0,874,0.82503617,False,True,1.0,5.2,58.0,4.0,9.99230769230769,4.803695150115475
batch2-45,batch2,45,5.6C(26%)-4.5C-newstructure,newstructure,997.0,1027,0.82734823,False,True,1.0,5.6,26.0,4.5,9.985714285714288,4.806866952789699
batch2-46,batch2,46,4.8C(80%)-4.8C,fastcharge,503.0,523,0.82638663,False,True,0.0,4.8,80.0,4.8,10.0,4.800000000000001
batch3-00,batch3,0,5C(67%)-4C-newstructure,newstructure,1009.0,1008,0.8804329,False,True,1.0,5.0,67.0,4.0,9.990000000000002,4.804804804804804
batch3-01,batch3,1,5.3C(54%)-4C-newstructure,newstructure,1063.0,1062,0.8802734,False,True,1.0,5.3,54.0,4.0,10.013207547169813,4.793668739400791
batch3-02,batch3,2,5.6C(19%)-4.6C-newstructure,newstructure,1267.0,1266,0.88013124,False,True,1.0,5.6,19.0,4.6,9.992236024844722,4.803729603729603
batch3-03,batch3,3,5.6C(36%)-4.3C-newstructure,newstructure,1115.0,1114,0.88058406,False,True,1.0,5.6,36.0,4.3,9.996677740863788,4.8015952143569285
batch3-04,batch3,4,5.6C(19%)-4.6C-newstructure,newstructure,1048.0,1047,0.88001466,False,True,1.0,5.6,19.0,4.6,9.992236024844722,4.803729603729603
batch3-05,batch3,5,5.6C(36%)-4.3C-newstructure,newstructure,828.0,827,0.88066918,False,True,1.0,5.6,36.0,4.3,9.996677740863788,4.8015952143569285
batch3-06,batch3,6,3.7C(31%)-5.9C-newstructure,newstructure,667.0,666,0.88052577,False,True,1.0,3.7,31.0,5.9,10.010077874484654,4.795167490389896
batch3-07,batch3,7,4.8C(80%)-4.8C-newstructure,newstructure,1836.0,1835,0.88036358,False,True,1.0,4.8,80.0,4.8,10.0,4.800000000000001
batch3-08,batch3,8,5C(67%)-4C-newstructure,newstructure,828.0,827,0.88094097,False,True,1.0,5.0,67.0,4.0,9.990000000000002,4.804804804804804
batch3-09,batch3,9,5.3C(54%)-4C-newstructure,newstructure,1039.0,1038,0.8801114,False,True,1.0,5.3,54.0,4.0,10.013207547169813,4.793668739400791
batch3-10,batch3,10,4.8C(80%)-4.8C-newstructure,newstructure,1078.0,1077,0.88064086,False,True,1.0,4.8,80.0,4.8,10.0,4.800000000000001
batch3-11,batch3,11,5.6C(19%)-4.6C-newstructure,newstructure,817.0,816,0.88113368,False,True,1.0,5.6,19.0,4.6,9.992236024844722,4.803729603729603
batch3-12,batch3,12,5.6C(36%)-4.3C-newstructure,newstructure,932.0,931,0.88080788,False,True,1.0,5.6,36.0,4.3,9.996677740863788,4.8015952143569285
batch3-13,batch3,13,5.6C(19%)-4.6C-newstructure,newstructure,816.0,815,0.88024569,False,True,1.0,5.6,19.0,4.6,9.992236024844722,4.803729603729603
batch3-14,batch3,14,5.6C(36%)-4.3C-newstructure,newstructure,858.0,857,0.88065648,False,True,1.0,5.6,36.0,4.3,9.996677740863788,4.8015952143569285
batch3-15,batch3,15,5.9C(15%)-4.6C-newstructure,newstructure,876.0,875,0.88058048,False,True,1.0,5.9,15.0,4.6,10.003684598378777,4.798232044198895
batch3-16,batch3,16,4.8C(80%)-4.8C-newstructure,newstructure,1638.0,1637,0.88014877,False,True,1.0,4.8,80.0,4.8,10.0,4.800000000000001
batch3-17,batch3,17,5.3C(54%)-4C-newstructure,newstructure,1315.0,1314,0.88043362,False,True,1.0,5.3,54.0,4.0,10.013207547169813,4.793668739400791
batch3-18,batch3,18,5.6C(19%)-4.6C-newstructure,newstructure,1146.0,1145,0.88003904,False,True,1.0,5.6,19.0,4.6,9.992236024844722,4.803729603729603
batch3-19,batch3,19,5.6C(36%)-4.3C-newstructure,newstructure,1155.0,1154,0.88007373,False,True,1.0,5.6,36.0,4.3,9.996677740863788,4.8015952143569285
batch3-20,batch3,20,5C(67%)-4C-newstructure,newstructure,813.0,812,0.88059181,False,True,1.0,5.0,67.0,4.0,9.990000000000002,4.804804804804804
batch3-21,batch3,21,3.7C(31%)-5.9C-newstructure,newstructure,772.0,771,0.8801983,False,True,1.0,3.7,31.0,5.9,10.010077874484654,4.795167490389896
batch3-22,batch3,22,5.9C(60%)-3.1C-newstructure,newstructure,1002.0,1001,0.88094068,False,True,1.0,5.9,60.0,3.1,9.972662657189721,4.813157894736842
batch3-23,batch3,23,4.8C(80%)-4.8C-newstructure,newstructure,,2189,0.93701142,False,False,,4.8,80.0,4.8,10.0,4.800000000000001
batch3-24,batch3,24,5C(67%)-4C-newstructure,newstructure,825.0,824,0.88021326,False,True,1.0,5.0,67.0,4.0,9.990000000000002,4.804804804804804
batch3-25,batch3,25,5.3C(54%)-4C-newstructure,newstructure,989.0,988,0.88167018,False,True,1.0,5.3,54.0,4.0,10.013207547169813,4.793668739400791
batch3-26,batch3,26,5.6C(19%)-4.6C-newstructure,newstructure,1028.0,1027,0.88023561,False,True,1.0,5.6,19.0,4.6,9.992236024844722,4.803729603729603
batch3-27,batch3,27,5.6C(36%)-4.3C-newstructure,newstructure,850.0,849,0.88002509,False,True,1.0,5.6,36.0,4.3,9.996677740863788,4.8015952143569285
batch3-28,batch3,28,3.7C(31%)-5.9C-newstructure,newstructure,541.0,540,0.88010961,False,True,0.0,3.7,31.0,5.9,10.010077874484654,4.795167490389896
batch3-29,batch3,29,5.9C(15%)-4.6C-newstructure,newstructure,858.0,857,0.88007307,False,True,1.0,5.9,15.0,4.6,10.003684598378777,4.798232044198895
batch3-30,batch3,30,5.3C(54%)-4C-newstructure,newstructure,935.0,934,0.88024825,False,True,1.0,5.3,54.0,4.0,10.013207547169813,4.793668739400791
batch3-31,batch3,31,5.9C(60%)-3.1C-newstructure,newstructure,731.0,730,0.88031369,False,True,1.0,5.9,60.0,3.1,9.972662657189721,4.813157894736842
batch3-32,batch3,32,4.8C(80%)-4.8C-newstructure,newstructure,,2237,0.97388279,False,False,,4.8,80.0,4.8,10.0,4.800000000000001
batch3-33,batch3,33,5C(67%)-4C-newstructure,newstructure,1284.0,1283,0.88079751,False,True,1.0,5.0,67.0,4.0,9.990000000000002,4.804804804804804
batch3-34,batch3,34,5.3C(54%)-4C-newstructure,newstructure,1158.0,1157,0.88017184,False,True,1.0,5.3,54.0,4.0,10.013207547169813,4.793668739400791
batch3-35,batch3,35,5.6C(19%)-4.6C-newstructure,newstructure,1093.0,1092,0.88011736,False,True,1.0,5.6,19.0,4.6,9.992236024844722,4.803729603729603
batch3-36,batch3,36,5.6C(36%)-4.3C-newstructure,newstructure,923.0,922,0.88060242,False,True,1.0,5.6,36.0,4.3,9.996677740863788,4.8015952143569285
batch3-37,batch3,37,4.8C(80%)-4.8C-newstructure,newstructure,1390.0,1389,0.88049883,False,True,1.0,4.8,80.0,4.8,10.0,4.800000000000001
batch3-38,batch3,38,5C(67%)-4C-newstructure,newstructure,1935.0,1934,0.88000458,False,True,1.0,5.0,67.0,4.0,9.990000000000002,4.804804804804804
batch3-39,batch3,39,5.3C(54%)-4C-newstructure,newstructure,1156.0,1155,0.88043225,False,True,1.0,5.3,54.0,4.0,10.013207547169813,4.793668739400791
batch3-40,batch3,40,5.6C(19%)-4.6C-newstructure,newstructure,796.0,795,0.88070726,False,True,1.0,5.6,19.0,4.6,9.992236024844722,4.803729603729603
batch3-41,batch3,41,5.6C(36%)-4.3C-newstructure,newstructure,786.0,785,0.88062328,False,True,1.0,5.6,36.0,4.3,9.996677740863788,4.8015952143569285
batch3-42,batch3,42,4.8C(80%)-4.8C-newstructure,newstructure,1642.0,1641,0.88037544,False,True,1.0,4.8,80.0,4.8,10.0,4.800000000000001
batch3-43,batch3,43,5C(67%)-4C-newstructure,newstructure,1046.0,1045,0.88060749,False,True,1.0,5.0,67.0,4.0,9.990000000000002,4.804804804804804
batch3-44,batch3,44,5.3C(54%)-4C-newstructure,newstructure,940.0,939,0.88046378,False,True,1.0,5.3,54.0,4.0,10.013207547169813,4.793668739400791
batch3-45,batch3,45,4.8C(80%)-4.8C-newstructure,newstructure,1801.0,1800,0.88047254,False,True,1.0,4.8,80.0,4.8,10.0,4.800000000000001
