batch,cell_key,idx,policy,group,cycle_life,log10_cycle_life,censored,labeled,label_550,dQ_logvar,dQ_logabsmin,dQ_skew,dQ_kurt,QD_2,QD_max_minus_2,fade_slope_2_100,fade_int_2_100,fade_slope_91_100,fade_int_91_100,chargetime_avg5,Tmax_max,Tavg_mean,Tmin_min,IR_2,IR_min,IR_diff,avgC_80,t80_min,Tavg_int,fade_slope_2_100_ts,Qcc_init,cc_breakin
batch1,batch1-00,0,3.6C(80%)-3.6C,fastcharge,1190.0,3.0755469613925306,True,False,1.0,-5.014860933855933,-2.0726487530983566,-0.5320568087730413,-1.348313537623323,1.0706892,0.00639320000000021,1.691964207901468,1.075048798600489,3.5323636363618887,1.0724246927272743,13.374893999999992,35.994705,31.603747328822767,29.012251,0.016742354,0.016443744,-7.520000000000096e-05,3.6000000000000005,13.333333333333332,3097.042122487502,0.10136363636327095,1.0562407970428467,4.902243614196777
batch1,batch1-01,1,3.6C(80%)-3.6C,fastcharge,1179.0,3.071513805095089,True,False,1.0,-5.013959851211789,-1.9584564399762445,-0.42937373947653584,-1.0291166958863136,1.0753012,0.009288300000000138,0.5535292516999699,1.0809645798796126,-4.129999999999231,1.084766999999999,13.409150000000002,34.712265,31.33031430692745,29.230637,0.017038831,0.016764179,-4.199100000000164e-05,3.6000000000000005,13.333333333333332,3070.2717657238168,-1.3872916666666604,1.0634677410125732,4.4040679931640625
batch1,batch1-02,2,3.6C(80%)-3.6C,fastcharge,1177.0,3.0707764628434346,True,False,1.0,-4.736999716003859,-1.7640576730004944,-1.0801945389481777,0.34863597607780683,1.0799223,0.008131200000000005,1.0295625231906744,1.0848461200828692,-4.419696969697502,1.089364320606061,13.358242333333328,35.127342,31.47958411321121,29.269444,0.01686798,0.016613184,-1.3807000000001096e-05,3.6000000000000005,13.333333333333332,3084.8901353066353,-0.28666666666665447,1.0667178630828857,3.375411033630371
batch1,batch1-03,3,4C(80%)-4C,fastcharge,1226.0,3.0884904701823963,True,False,1.0,-4.442613439893365,-1.722149400498906,-0.4390501346760374,-1.095415316040939,1.0797229,0.006530099999999983,1.7136347557209164,1.084075015971552,-0.368424242423645,1.0851310951515143,12.025139666666673,31.691414,29.942198807956427,29.023619,0.016369704,0.016098134,3.858100000000281e-05,4.0,12.0,2934.2393370154064,0.4700000000000339,1.0662492513656616,3.139495849609375
batch1,batch1-04,4,4C(80%)-4C,fastcharge,1227.0,3.088844562727004,True,False,1.0,-4.647743915712219,-1.855177512465054,-0.362547640202909,-1.3338305458431554,1.0784167,0.005899899999999958,1.8994317872609845,1.0818748211016278,-2.9326666666653374,1.085538346666665,12.041850666666674,35.651741,31.44888383416564,29.092649,0.016787428,0.016368635,-5.331399999999875e-05,4.0,12.0,3081.9264508363885,0.6237142857142989,1.0647001266479492,2.7320384979248047
batch1,batch1-05,5,4.4C(80%)-4.4C,fastcharge,1074.0,3.0310042813635367,False,True,1.0,-4.178878029021015,-1.598966170814021,-0.1493498031184653,-1.2275264925583294,1.0761266,0.005943800000000055,1.1228400742114224,1.0797547949964952,-2.322303030306552,1.0820849993939428,10.967849666666668,34.654667,30.92149771366389,28.914812,0.016437579,0.015922785,-0.0001118670000000016,4.4,10.909090909090908,3030.315512768343,0.1552564102565335,1.0616283416748047,1.974344253540039
batch1,batch1-06,6,4.8C(80%)-4.8C,fastcharge,636.0,2.803457115648414,False,True,1.0,-3.7688778899311246,-1.4215209754410323,-0.40793598379525076,-1.238069893557224,1.0758358,0.006303200000000064,-0.48086468769389246,1.081157025839208,-6.2225454545455605,1.0854849109090907,10.07647899999999,36.496124,32.27384521945563,29.495056,0.017001977,0.016541764,-0.0003333460000000017,4.800000000000001,10.0,3162.7270473410367,-1.9873684210525155,1.0632201433181763,3.101944923400879
batch1,batch1-07,7,4.8C(80%)-4.8C,fastcharge,870.0,2.9395192526186187,False,True,1.0,-3.8134861418999058,-1.4175577635161996,-0.3334167184414943,-1.1205357701012986,1.0938644,0.004104200000000002,-0.642818800247794,1.0972542699113585,-4.056606060608465,1.099840618787881,10.02508166666667,36.053928,31.990084509217034,29.368095,0.016311171,0.016083084,-3.842100000000029e-05,4.800000000000001,10.0,3134.9698629057384,-1.8053125000000447,1.0808337926864624,1.2913942337036133
batch1,batch1-08,8,5.4C(40%)-3.6C,fastcharge,879.0,2.9439888750737717,True,False,1.0,-4.001194634737026,-1.511340250696889,-0.32911343939552645,-1.202576065360119,1.0899748,0.005939099999999975,0.5429254174400251,1.0944950454108422,-1.4775151515149594,1.0956421969696963,11.208483666666663,35.160984,32.076506270161325,30.008883,0.016807221,0.016538974,2.1805999999999215e-05,4.32,11.11111111111111,3143.5300144910334,-0.5260714285708941,1.0775980949401855,1.9017457962036133
batch1,batch1-09,9,5.4C(40%)-3.6C,fastcharge,1054.0,3.022840610876528,False,True,1.0,-4.059383672291563,-1.541747649285782,-0.42759100755844076,-1.1821710336849307,1.0829742,0.005975700000000028,1.8204385899806905,1.086771424803958,-1.3036969696970693,1.0889463206060606,11.207955999999994,36.799232,32.64153361126789,29.999718,0.016978227,0.016611163,-3.366599999999817e-05,4.32,11.11111111111111,3198.856715606565,0.9708333333330321,1.0685827732086182,3.572821617126465
batch1,batch1-10,10,5.4C(50%)-3C,fastcharge,906.0,2.957128197676813,True,False,1.0,-4.02257320456269,-1.5687501797274594,-0.5100713461525648,-1.287456982208507,1.0752757,0.009695600000000137,2.529188002473426,1.0804147323005562,-1.4540000000021893,1.0831171600000022,11.718235333333343,37.614693,33.208150668462316,29.986389,0.016592897,0.016397769,8.308200000000168e-05,4.153846153846154,11.555555555555555,3254.2939329950977,0.053246753246698364,1.0600961446762085,5.574703216552734
batch1,batch1-11,11,5.4C(50%)-3C,fastcharge,788.0,2.8965262174895554,False,True,1.0,-4.146896588568449,-1.62540789265898,-0.5948475863095678,-1.205555357632066,1.0537786,0.009460400000000035,2.180940259740095,1.0589716063261179,-1.164303030304726,1.0611175193939408,11.668875999999987,37.128967,32.75932260623101,29.87781,0.016575078,0.015962802,-0.0003035779999999988,4.153846153846154,11.555555555555555,3210.3531899959453,0.2563461538463729,1.0362597703933716,4.894614219665527
batch1,batch1-12,12,5.4C(50%)-3.6C,fastcharge,902.0,2.9552065375419416,True,False,1.0,-4.125190621637704,-1.5616336352534117,-0.33105226140634747,-1.1273531081451658,1.077566,0.005827599999999933,1.2573115646260145,1.0815139943343635,-1.6655151515169824,1.0836015169696984,10.686071666666665,38.354816,33.4580219141428,30.105951,0.016551878,0.016234221,-2.065599999999737e-05,4.5473684210526315,10.555555555555555,3278.901802344881,0.2615384615384669,1.0646047592163086,2.45821475982666
batch1,batch1-13,13,5.4C(50%)-3.6C,fastcharge,897.0,2.952792443044092,True,False,1.0,-4.048006479229763,-1.5355540489278663,-0.13523732002328226,-1.2549352791869572,1.0797893,0.005983599999999978,0.4458676561536227,1.0840458448690984,-2.8032121212153474,1.0864540175757604,10.719170666666663,35.892479,32.09216634315908,29.757441,0.017159661,0.016706679,-1.3330999999998372e-05,4.5473684210526315,10.555555555555555,3145.0986844507775,-0.6653750000001901,1.0674326419830322,2.12252140045166
batch1,batch1-14,14,5.4C(60%)-3C,fastcharge,880.0,2.9444826721501687,False,True,1.0,-4.046069788008708,-1.5483061535438358,-0.2824529801727624,-1.3132871239365143,1.0709661,0.006877699999999987,2.6234124922698223,1.074764976800659,-1.9479999999989825,1.0781431199999991,10.764334,37.818813,33.07746279993842,29.769632,0.017121186,0.016649306,-6.811500000000054e-05,4.500000000000001,10.666666666666666,3241.5516494589356,1.4027999999997043,1.05595862865448,3.475069999694824
batch1,batch1-15,15,5.4C(60%)-3C,fastcharge,719.0,2.8567288903828825,False,True,1.0,-4.01794908327491,-1.538433168827745,-0.4819980140897688,-1.2504567299681586,1.0611236,0.008215100000000142,2.904936054421284,1.0661753684708304,-2.4367272727269635,1.0701701345454542,10.797705666666673,38.47617,33.147720104395674,29.44138,0.017168047,0.016542939,-0.0002532960000000001,4.500000000000001,10.666666666666666,3248.4931473545,1.8959999999997497,1.0468037128448486,4.404187202453613
batch1,batch1-16,16,5.4C(60%)-3.6C,fastcharge,862.0,2.9355072658247128,False,True,1.0,-4.099413751189743,-1.5589850999850425,-0.12294951697231714,-1.2280980449956473,1.0811664,0.007425499999999863,2.3160274582555584,1.0852883825619455,-3.059757575757343,1.089363988484848,10.11310766666668,37.566532,32.41716254671688,29.542667,0.01683085,0.016328048,-1.4819000000002719e-05,4.800000000000001,10.0,3176.911422934738,1.1824137931031857,1.067914605140686,2.3157596588134766
batch1,batch1-17,17,5.4C(60%)-3.6C,fastcharge,857.0,2.932980821923198,False,True,1.0,-3.9701595551074362,-1.507687159020132,-0.2559885622195701,-1.2907018393997953,1.072052,0.007173799999999897,1.788623129252345,1.0761940385677173,-1.267575757575634,1.0782664048484842,10.146880666666664,37.208405,32.088753858534446,29.182228,0.016778639,0.016238289,2.2162999999998656e-05,4.800000000000001,10.0,3144.765764006247,0.5771153846154333,1.058113694190979,3.792881965637207
batch1,batch1-18,18,5.4C(70%)-3C,fastcharge,691.0,2.8394780473741985,False,True,1.0,-3.65008051982041,-1.3552341295627772,-0.0520791084942696,-1.3465283364048533,1.0661705,0.003975300000000015,-4.754075940036315,1.0705300210595552,-10.586606060607885,1.0749758587878806,9.958173666666676,36.084282,31.831057275618022,29.688587,0.019886132,0.015845969,-0.003994543,4.909090909090909,9.777777777777779,3119.4309029036126,-5.815666666667181,1.0497361421585083,2.3581981658935547
batch1,batch1-19,19,5.4C(70%)-3C,fastcharge,788.0,2.8965262174895554,False,True,1.0,-3.6199068941529986,-1.3382562445097006,-0.27342370303732066,-1.275414793948492,1.0851147,0.004190699999999881,-1.0355845392700724,1.0888966198321992,-3.325272727273107,1.0903139454545456,9.924738333333329,37.49086,33.044085397077396,29.91865,0.016449727,0.016205151,-6.60869999999994e-05,4.909090909090909,9.777777777777779,3238.3318800396437,-1.7153333333341791,1.0715488195419312,1.6443729400634766
batch1,batch1-20,20,5.4C(80%)-5.4C,fastcharge,534.0,2.727541257028556,False,True,0.0,-3.36723741371939,-1.196676786568855,0.24167294189711483,-1.0727208359585896,1.07263,0.003094200000000047,-13.977618181817776,1.0769696711313128,-23.31127272727084,1.0845877254545435,9.021115000000016,35.504932,32.15292201754506,29.662241,0.015740737,0.015036267,-0.000580528000000002,5.400000000000001,8.888888888888888,3150.8663797631457,-14.856271186440727,1.0576164722442627,1.360774040222168
batch1,batch1-21,21,5.4C(80%)-5.4C,fastcharge,559.0,2.747411807886423,False,True,1.0,-3.3503380081212146,-1.188960059318543,-0.09016679434821093,-1.1430822581048827,1.0824388,0.0034874000000000294,-8.178444155844591,1.0863975044992782,-15.90527272727351,1.092649285454546,8.964706333333336,37.615559,33.13697371135653,29.948643,0.015348774,0.014894895,-0.0002038070000000003,5.400000000000001,8.888888888888888,3247.341442344789,-9.296338028169258,1.0689984560012817,0.9497404098510742
batch1,batch1-22,22,6C(30%)-3.6C,fastcharge,891.0,2.949877704036875,True,False,1.0,-3.9521687939572367,-1.4928580703583108,-0.13520710599297073,-1.2783508943224062,1.0793039,0.005003300000000044,-0.675583426098541,1.0833243626988251,-3.3747272727291144,1.0854409545454562,11.463394666666664,37.758316,32.84391283877385,29.780579,0.016732994,0.016250946,-5.07210000000001e-05,4.235294117647059,11.333333333333334,3218.7461328668996,-1.7419999999996882,1.0659632682800293,1.7424821853637695
batch1,batch1-23,23,6C(30%)-3.6C,fastcharge,1014.0,3.0060379549973173,False,True,1.0,-4.040793513669289,-1.5235527173229628,-0.1431749262286224,-1.2306061708646054,1.0792934,0.004492999999999858,-0.6950910327772603,1.0828155540024733,-2.0429696969718134,1.083739446060608,11.447006333333357,36.165897,31.99077454717494,29.545927,0.016937815,0.016472535,-9.143999999999125e-06,4.235294117647059,11.333333333333334,3135.1300539230733,-1.4275409836068385,1.0665109157562256,1.474618911743164
batch1,batch1-24,24,6C(40%)-3C,fastcharge,1017.0,3.0073209529227447,False,True,1.0,-3.938662548127028,-1.4969981270351707,-0.3388628807405654,-1.2741883231320683,1.0745355,0.004539499999999919,0.20242585034037372,1.077929949685013,-7.403393939396666,1.0845231212121238,12.147216,37.596226,33.378063951824195,30.30908,0.016687831,0.016390581,-4.86200000000131e-06,4.0,12.0,3271.0364127059393,-0.42548387096762125,1.060626745223999,1.9098520278930664
batch1,batch1-25,25,6C(40%)-3C,fastcharge,854.0,2.931457870689005,False,True,1.0,-4.027888941215721,-1.5310448192886121,-0.35793501210763157,-1.2413940146438636,1.0752345,0.004678599999999866,0.05129313543615709,1.0788217283797148,-3.221030303032952,1.0812880539393965,12.130126666666674,38.670872,33.848557073949294,30.400667,0.016699277,0.016397864,-1.1263999999996943e-05,4.0,12.0,3317.1752520842756,-1.0004081632652984,1.062522292137146,2.448439598083496
batch1,batch1-26,26,6C(40%)-3.6C,fastcharge,870.0,2.9395192526186187,False,True,1.0,-3.795220069297897,-1.4161841678761486,-0.11706773320264793,-1.276669975604969,1.0876514,0.003894800000000087,-1.521046134818085,1.0913500214075447,-9.834424242425186,1.0986254751515159,10.764819666666668,37.077717,33.15641406115227,30.189548,0.016376387,0.016129743,1.2887999999999095e-05,4.500000000000001,10.666666666666666,3249.3422122565426,-2.0447619047620202,1.0748670101165771,1.4919042587280273
batch1,batch1-27,27,6C(40%)-3.6C,fastcharge,842.0,2.9253120914996495,False,True,1.0,-3.8537032100693622,-1.4457276528801581,-0.28951845367435614,-1.2368248015592893,1.0790461,0.003953399999999885,-1.0758799010519626,1.0825847381434752,-1.3313333333359012,1.0822964333333358,10.796985333333323,38.178074,33.89497000372245,30.495707,0.016174601,0.015953196,3.187999999999802e-05,4.500000000000001,10.666666666666666,3321.716330262326,-1.8255555555556233,1.0653657913208008,1.3997554779052734
batch1,batch1-28,28,6C(50%)-3C,fastcharge,860.0,2.934498451243568,False,True,1.0,-3.844711825610812,-1.4292994314899645,-0.14263361390162804,-1.23848226956084,1.0777475,0.003846999999999934,-0.7726680272115019,1.0810896899868068,-3.480545454546354,1.0831756309090914,11.129907333333346,38.303513,33.773800525042,30.421293,0.016742077,0.016467512,6.377100000000066e-05,4.363636363636364,11.0,3309.8479045185286,-1.2263157894733037,1.0649296045303345,1.2278556823730469
batch1,batch1-29,29,6C(50%)-3C,fastcharge,917.0,2.962369335670021,False,True,1.0,-3.8382817303238843,-1.4333457868181083,-0.13762992946351052,-1.2785181858651289,1.0794537,0.004349200000000053,-0.5212719851575346,1.0830486699245512,-3.726424242423985,1.0855591551515145,11.179535333333334,36.258759,32.70415601771739,30.240517,0.016626336,0.016308507,1.7818000000002776e-05,4.363636363636364,11.0,3205.0232394495624,-1.2547826086955314,1.0665844678878784,1.381993293762207
batch1,batch1-30,30,6C(50%)-3.6C,fastcharge,709.0,2.8506462351830666,False,True,1.0,-3.7446991966463603,-1.3891758046544151,-0.28519154321186263,-1.2269910346258965,1.0798637,0.003954500000000083,-1.6368218923929572,1.083658496336837,-3.745818181818704,1.085152836363637,10.130179666666669,37.483994,33.54008830692456,30.457619,0.016072329,0.015838005,5.842799999999926e-05,4.800000000000001,10.0,3286.9979136120633,-2.542432432432177,1.0664541721343994,1.2890100479125977
batch1,batch1-31,31,6C(50%)-3.6C,fastcharge,876.0,2.9425041061680806,False,True,1.0,-3.777732565334766,-1.403642846409751,-0.11073266033741032,-1.2421229030000347,1.0946392,0.003694199999999981,-2.62010822510796,1.09840466024531,-4.080121212122559,1.0994466157575769,10.11367266666668,31.658901,30.375396745150564,29.649641,0.016952254,0.016684072,1.0658000000000195e-05,4.800000000000001,10.0,2976.8255127036373,-3.3476470588232474,1.0833351612091064,1.238107681274414
batch1,batch1-32,32,6C(60%)-3C,fastcharge,731.0,2.8639173769578603,False,True,1.0,-3.646463485791867,-1.3413566083318473,-0.1556558956095879,-1.2794468077738315,1.0778366,0.003820099999999993,-1.2776272108848685,1.0813230393725,-3.8354545454567797,1.0832270690909114,10.096438,37.14436,33.08050304573434,30.193592,0.016239462,0.015933495,5.134400000000178e-05,4.800000000000001,10.0,3241.929733922217,-1.9461538461525898,1.0641895532608032,1.3093948364257812
batch1,batch1-33,33,6C(60%)-3C,fastcharge,757.0,2.8790958795000727,False,True,1.0,-3.667057643731551,-1.3477369391737863,0.06483200538032172,-1.2327426904753613,1.0924908,0.004335399999999989,-2.1812165739027014,1.0966040669173367,-4.613878787879358,1.0983755642424244,10.146428666666663,38.728722,33.67169761442224,30.119719,0.016591828,0.016214989,-1.720699999999825e-05,4.800000000000001,10.0,3299.9175518529723,-3.037115384615289,1.0802935361862183,1.3483762741088867
batch1,batch1-34,34,7C(30%)-3.6C,fastcharge,742.0,2.870403905279027,False,True,1.0,-3.8486161550950544,-1.4292451775450266,-0.1509017081096861,-1.179899583638572,1.0766174,0.004865000000000119,-0.03129647495333547,1.0800859500911144,-3.0090909090922757,1.082449981818183,11.06793699999998,37.240925,32.66455167507311,29.709148,0.0169825,0.016567618,-2.8376000000000096e-05,4.40174672489083,10.904761904761905,3201.1707506043213,-0.9302597402596,1.0608339309692383,1.8000602722167969
batch1,batch1-35,35,7C(30%)-3.6C,fastcharge,703.0,2.846955325019824,False,True,1.0,-3.7726059654041446,-1.4072450964644856,-0.09448695274140285,-1.2999238514914384,1.0707464,0.00507919999999995,0.3195320964752807,1.0743447123681709,-2.6306666666668015,1.0766147066666667,11.05119499999999,36.075569,32.09733437854189,29.54327,0.017059039,0.016647711,3.243499999999733e-05,4.40174672489083,10.904761904761905,3145.5997172069624,-0.4659999999998554,1.0586585998535156,1.478433609008789
batch1,batch1-36,36,7C(40%)-3C,fastcharge,704.0,2.847572659142112,False,True,1.0,-3.669501343103572,-1.350456730090569,-0.024120145502378346,-1.287729556040454,1.0778315,0.004527799999999971,-0.7183043908475765,1.0816428948352914,-4.102181818180282,1.084323083636362,11.524843333333349,34.868446,32.04688205693082,30.028351,0.016480684,0.016229769,8.785199999999938e-05,4.2,11.428571428571429,3140.649062451713,-1.4878124999999354,1.0654820203781128,1.4815330505371094
batch1,batch1-37,37,7C(40%)-3C,fastcharge,648.0,2.8115750058705933,False,True,1.0,-3.6739389503368756,-1.3512034116078617,-0.23647604170936593,-1.2637729493248426,1.0748194,0.004472400000000043,-0.9680958565245864,1.0785237713110696,-4.378787878788793,1.0811773424242432,11.57439200000002,36.993626,32.95969887229894,29.988958,0.016607935,0.016318144,6.718000000000002e-05,4.2,11.428571428571429,3230.1014319104142,-1.7583333333348605,1.060362458229065,1.9876956939697266
batch1,batch1-38,38,7C(40%)-3.6C,fastcharge,617.0,2.7902851640332416,False,True,1.0,-3.433048187522247,-1.248600654165591,-0.06381055339067897,-1.3483478433022702,1.0729513,0.003646500000000108,-0.943712430427038,1.0762827994001234,-0.716060606062806,1.07566448787879,10.243066666666685,37.995705,33.69474656343401,30.288816,0.016260354,0.016066672,8.89640000000004e-05,4.754716981132076,10.095238095238095,3302.1072643565694,-1.7668571428571969,1.0584877729415894,1.603245735168457
batch1,batch1-39,39,7C(40%)-3.6C,fastcharge,625.0,2.7958800173440754,False,True,1.0,-3.5045337063467077,-1.2745459393796272,-0.15250252186561739,-1.2771896805153014,1.0817773,0.004689399999999955,-0.3294477427340171,1.0858270173386928,-2.5559393939409696,1.0873593521212135,10.258443000000007,38.024876,33.50643317156701,30.181021,0.016743599,0.016519627,9.157099999999863e-05,4.754716981132076,10.095238095238095,3283.667684196466,-1.2328571428569088,1.0689482688903809,1.6061067581176758
batch1,batch1-40,40,8C(15%)-3.6C,fastcharge,966.0,2.9849771264154934,False,True,1.0,-4.055212800838332,-1.5361710506825235,-0.24850439634380578,-1.2414942362522665,1.0833029,0.004503299999999877,-0.820486332715938,1.0873484258074624,-4.214606060608749,1.0899522787878815,12.071222666666685,38.388569,33.45968416375564,30.003733,0.016756468,0.016480761,6.656899999999896e-05,4.013937282229965,11.958333333333334,3279.064550368736,-1.6113636363637969,1.0697333812713623,1.7132759094238281
batch1,batch1-41,41,8C(15%)-3.6C,fastcharge,1051.0,3.021602716028242,False,True,1.0,-4.071514001487413,-1.5450585606463034,-0.23135619502807797,-1.242948953451305,1.0789614,0.0049074999999998425,-0.013855287570256206,1.0828938530653474,-3.1887272727307936,1.0853619745454581,12.087368000000005,37.576675,33.07332253245542,30.021296,0.016856873,0.016552322,-9.889999999998511e-07,4.013937282229965,11.958333333333334,3241.202769392324,-0.7400000000006608,1.0661919116973877,1.469731330871582
batch1,batch1-42,42,8C(25%)-3.6C,fastcharge,702.0,2.846337112129805,False,True,1.0,-3.6658558290545145,-1.3495989935301191,-0.10769415001028848,-1.3162415680046045,1.0798725,0.004959500000000006,0.21135980210339328,1.0837813903393108,-3.262545454547221,1.0865070709090925,11.171093666666682,38.397423,33.58506724391689,30.125891,0.0167679,0.016511114,0.00010331400000000018,4.3471698113207555,11.041666666666666,3291.345373202631,-0.3900000000001125,1.067099690437317,1.3747215270996094
batch1,batch1-43,43,8C(25%)-3.6C,fastcharge,651.0,2.813580988568192,False,True,1.0,-3.6677791447400714,-1.3506081689639382,-0.23725349595429301,-1.3026126013925938,1.0682389,0.003432099999999938,-2.401481014224145,1.0717469502667487,-3.969454545455702,1.0728037690909102,11.170874333333334,37.725166,33.339782658681436,30.034327,0.016111452,0.015904058,0.00012785400000000016,4.3471698113207555,11.041666666666666,3267.2607955570297,-3.009230769230875,1.0523171424865723,1.1239051818847656
batch1,batch1-44,44,8C(35%)-3.6C,fastcharge,616.0,2.7895807121644256,False,True,1.0,-3.420700024927221,-1.23064437852994,0.1390799898436494,-1.2892845191178444,1.0847682,0.0035623999999998546,-3.3615460729745585,1.0885564602143882,-5.139272727271184,1.0898540654545439,10.271104333333334,36.804283,32.55333216968653,29.747217,0.017436398,0.017142953,0.00015277100000000293,4.7407407407407405,10.125,3190.235031867745,-4.158333333333561,1.0725276470184326,0.7746219635009766
batch1,batch1-45,45,8C(35%)-3.6C,fastcharge,599.0,2.7774268223893115,False,True,1.0,-3.425292229363906,-1.2261876830691643,0.11519747039315692,-1.2803925166519405,1.0839558,0.004482499999999945,-1.292005318491748,1.0878183732174806,-3.8969696969697845,1.089747546060606,10.254465333333325,37.855122,33.0005473910965,29.696999,0.016685704,0.016382927,0.00015038399999999993,4.7407407407407405,10.125,3234.1176467803507,-2.0616326530613716,1.0708520412445068,1.1496543884277344
batch2,batch2-00,0,5.2C(58%)-4C,fastcharge,477.0,2.678518379040114,False,True,0.0,-3.487264800861175,-1.2591536911198054,-0.03143248728723324,-1.2425691357375093,1.1020051,0.008113500000000107,1.3737568336431474,1.1043879547219122,-13.864606060607848,1.1180734987878804,10.173733999999968,36.404427,31.808470926230026,28.851412,0.017402707,0.017083954,6.96420000000017e-05,4.803695150115475,9.99230769230769,3117.2765601052065,2.3219402985077013,1.066985845565796,0.8111000061035156
batch2,batch2-01,1,5.6C(26%)-4.5C,fastcharge,491.0,2.6910814921229687,False,True,0.0,-3.298051395716436,-1.1797022043307241,0.3174967654279458,-1.1591038577304005,1.1057826,0.003575800000000129,-3.290422139764397,1.106601674887239,-35.79678787879053,1.139475502424245,10.192646000000046,37.4468,33.60099815475848,29.748539199568196,0.01817438,0.017313389,-0.0006942100000000007,4.806866952789699,9.985714285714288,3292.9105716796525,-1.9074683544302111,1.0705206394195557,0.06669759750366211
batch2,batch2-02,2,5.2C(50%)-4.25C,fastcharge,424.0,2.6273658565927325,False,True,0.0,-3.4602484070785873,-1.278042681416003,-0.15525357321006725,-1.4037550178525087,1.0753863,0.00516020000000017,-0.5396060358691646,1.0749382457449592,-9.643696969698993,1.0837017406060623,10.175071333333326,38.33985803206289,33.17566129490617,30.291048,0.016669566,0.016255558,-9.869800000000123e-05,4.797829036635007,10.004524886877828,3251.33350228482,-0.3581818181830343,1.0333309173583984,1.9550323486328125
batch2,batch2-03,3,4.65C(44%)-5C,fastcharge,499.0,2.6981005456233897,False,True,0.0,-3.4962430024430216,-1.2528334020937066,-0.686523277259916,-0.8132617442175589,1.0959566,0.012060699999999924,7.592857884971751,1.0976128990443204,-32.400666666668585,1.1323827666666684,10.173250333333367,39.422000644443116,33.93805810095692,30.19519,0.016083341,0.015764765,-3.5558000000001505e-05,4.80123902942695,9.997419354838708,3326.082771879758,8.137999999999757,1.0609220266342163,5.095481872558594
batch2,batch2-04,4,4.65C(69%)-6C,fastcharge,444.0,2.6473829701146196,False,True,0.0,-3.2325068379275077,-1.1530620866070818,-0.010537332183966533,-1.3023521521783827,1.0899745,0.0008767999999998999,-6.742782807669012,1.089364272767264,5.941272727274018,1.076176574545453,10.222283666666627,38.209395652763355,33.04820861652687,29.809912,0.017068394,0.01593901,-0.0009035920000000017,4.798452112221865,10.003225806451612,3238.8319142201644,-6.2247222222225025,1.0505932569503784,0.0
batch2,batch2-05,5,3.6C(30%)-6C,fastcharge,416.0,2.6190933306267428,False,True,0.0,-3.0858817115082053,-1.0647447658112819,0.36217454788357173,-1.0375623725969585,1.0989141,0.00013759999999995998,-19.484917996289102,1.0978748233296218,-25.926484848486076,1.1039321830303042,10.178295333333276,38.388368590154755,33.01307013030371,30.103149270492455,0.016014345,0.015142022,-0.0007167039999999986,4.800000000000001,10.0,3235.2099506385066,-18.82833333333352,1.0628318786621094,0.0
batch2,batch2-06,6,3.6C(9%)-5C,fastcharge,393.0,2.5943925503754266,False,True,0.0,-3.530039629028666,-1.302138707859371,-0.42091335228241683,-1.2152710512551776,1.0885617,0.01149509999999987,6.24381335807018,1.0897912289247575,-18.514727272728695,1.109164194545456,10.179130999999906,40.4669448483313,33.81904518975318,30.021366,0.016595399,0.015897563,-0.0005260630000000002,4.790419161676647,10.02,3314.2735270654775,7.767333333333534,1.0496251583099365,4.464149475097656
batch2,batch2-07,7,4.8C(80%)-4.8C-newstructure,newstructure,777.0,2.890421018800914,False,True,1.0,-4.231670005219284,-1.6627805601564891,-0.3734543421556107,-1.3266382880431529,1.0904776,0.015110199999999852,5.346993939393214,1.0903080704646466,7.01042424242337,1.0890058448484856,10.037040333333376,37.918381,33.769687089746824,29.833401,0.014809063,0.014716571,1.3403999999999847e-05,4.800000000000001,10.0,3309.5552754689666,4.9875000000002645,1.0517045259475708,3.0660629272460938
batch2,batch2-08,8,5.2C(58%)-4C-newstructure,newstructure,904.0,2.9561684304753633,False,True,1.0,-4.10242252476951,-1.555313747734398,-0.44542515798452315,-0.9510305445414615,1.0906329,0.003211000000000075,-4.812921076067179,1.0926136860114202,5.03521212121166,1.0854754624242429,10.04007933333327,36.451335340457405,33.59868374090274,30.369265,0.016484642,0.016342103,3.0228999999999673e-05,4.803695150115475,9.99230769230769,3292.591688291132,-1.8243478260863193,1.0512365102767944,1.1850595474243164
batch2,batch2-09,9,5.6C(26%)-4.5C-newstructure,newstructure,791.0,2.8981764834976764,False,True,1.0,-4.344425558301067,-1.7043411829579889,-0.05218955323783693,-0.7640821354586964,1.0949715,0.004990999999999968,-3.178960420532104,1.0991237122387132,23.090060606056888,1.0750085121212158,10.040580999999946,35.00847845562602,32.3508526526095,30.423269501409568,0.015408114,0.015197206,-5.300199999999991e-05,4.806866952789699,9.985714285714288,3170.112806867979,-2.380303030303014,1.0589382648468018,0.7458925247192383
batch2,batch2-10,10,4.8C(80%)-4.8C,fastcharge,492.0,2.69196510276736,False,True,0.0,-3.450900085127797,-1.2533466202618089,0.2632051480200658,-1.2438034236256204,1.1092782,0.0077312999999998855,5.449445590600277,1.10839917931445,18.856727272725806,1.0979567854545464,10.17126966666663,35.078796,31.720791269063756,28.906555794473437,0.017335583,0.016884135,-0.00030304700000000073,4.800000000000001,10.0,3108.869232039129,5.6629761904760025,1.0670971870422363,0.5776882171630859
batch2,batch2-11,11,5.2C(50%)-4.25C,fastcharge,449.0,2.6522463410033232,False,True,0.0,-3.485393145091073,-1.2604371605665592,-0.22207913709676663,-1.2401571107748184,1.0959171,0.013548699999999858,11.636928385899045,1.0951311402605648,9.152303030301393,1.0994188806060623,10.17367599999993,39.423817,33.146477466034135,29.651962,0.017361749,0.016784718,1.5793000000000057e-05,4.797829036635007,10.004524886877828,3248.354757229429,10.804857142857141,1.053774356842041,0.22649765014648438
batch2,batch2-12,12,4.65C(44%)-5C,fastcharge,466.0,2.66838591669,False,True,0.0,-3.1679683593211068,-1.1116449981160137,0.11788284408992637,-1.2407738568118205,1.1016457,0.006732100000000019,3.124443661100505,1.1025508418136463,0.3536969696960007,1.1069356393939402,10.174669333333393,35.747711,31.314676947956993,29.339239609224805,0.017251369,0.016159201,-0.0010207299999999975,4.80123902942695,9.997419354838708,3068.86775982453,3.529673913043427,1.0620806217193604,0.09083747863769531
batch2,batch2-13,13,4.65C(69%)-6C,fastcharge,460.0,2.662757831681574,False,True,0.0,-3.3444477432493414,-1.1892669426296014,0.33478220620675436,-1.0960040868605436,1.0954365,0.0021364000000001493,-1.1445944341368897,1.0955198512422175,-0.5628484848472985,1.096293470303029,10.207829000000007,36.19238897679291,31.946988973926523,29.518279358797542,0.016970724,0.015610993,-0.0010935590000000009,4.798452112221865,10.003225806451612,3130.6921722842026,-1.2734782608694188,1.0542941093444824,0.0
batch2,batch2-14,14,3.6C(30%)-6C,fastcharge,426.0,2.629409599102719,False,True,0.0,-3.1185199512359087,-1.0771996984828751,0.288828286338901,-1.088554084538346,1.0844886,0.0004899999999998794,-10.165705627706068,1.084441152294372,18.37830303029747,1.059524500606066,10.207831333333306,36.56760277779107,32.123877001585356,29.961967688101996,0.017186515,0.015952863,-0.000878801999999998,4.800000000000001,10.0,3148.21778992852,-9.325000000000504,1.0425642728805542,0.0
batch2,batch2-15,15,3.6C(9%)-5C,fastcharge,396.0,2.597695185925512,False,True,0.0,-3.5162518847554045,-1.2929864831561677,-0.07187720565961915,-1.3932940901025372,1.0697494,0.009623699999999902,9.20414260977118,1.070349417572047,-9.369636363639167,1.0868580727272754,10.174112999999924,36.649116879455384,32.862747677246595,30.733528,0.017212247,0.016145013,-0.0009618189999999992,4.790419161676647,10.02,3220.461300126629,8.834029850746106,1.0242866277694702,2.2096633911132812
batch2,batch2-16,16,4.8C(80%)-4.8C,fastcharge,472.0,2.673941998634088,False,True,0.0,-3.494880980457803,-1.2736447819233603,0.07215891885700869,-1.2968600207721412,1.0945363,0.007131600000000127,-1.5038863327153773,1.0977967335448355,-27.128424242425286,1.121640815151516,10.171980333333341,37.601054318286856,32.7673986704417,30.168455,0.017776627,0.017414019,-0.0002792050000000011,4.800000000000001,10.0,3211.2224439394,-1.1013333333331765,1.0657747983932495,0.4868507385253906
batch2,batch2-17,17,5.6C(26%)-4.5C,fastcharge,471.0,2.673020907128896,False,True,0.0,-3.500344053281176,-1.2793251766907856,-0.17158380309452903,-1.2841548866867234,1.0917177,0.018217600000000056,3.904175881262204,1.0919324369672223,-10.712606060608753,1.1045100987878813,10.176372333333273,35.36969,32.988612809790894,30.341412,0.017503092,0.016950201,-0.00042510400000000254,4.806866952789699,9.985714285714288,3232.8207408378626,3.9491071428572013,1.0650690793991089,0.026881694793701172
batch2,batch2-18,18,5.2C(50%)-4.25C,fastcharge,449.0,2.6522463410033232,False,True,0.0,-3.7073027131799288,-1.4007099761638222,-0.27357945829292096,-1.4464131944193648,1.0756292,0.01278990000000002,11.339298701298683,1.0767242930158725,-8.618181818182375,1.0938024836363642,10.175029666666669,36.964727535985794,32.88627829858526,30.155224,0.01680507,0.016488669,-4.021899999999759e-05,4.797829036635007,10.004524886877828,3222.9784086389313,11.404883720930414,1.0474909543991089,5.838751792907715
batch2,batch2-19,19,6C(60%)-3C,fastcharge,392.0,2.593286067020457,False,True,0.0,-3.2919580156871544,-1.1827539257934188,0.15621286111969546,-1.282038949118421,1.0902406,0.010140499999999886,2.198345701916627,1.0936348305607089,-26.990424242427927,1.1213399951515186,10.175535333333391,37.29125540144077,32.770067410122046,30.041353,0.016772689,0.016542695,6.25240000000013e-05,4.800000000000001,10.0,3211.4795320175535,3.1099999999995025,1.0621922016143799,0.035643577575683594
batch2,batch2-20,20,5.2C(58%)-4C,fastcharge,489.0,2.6893088591236203,False,True,0.0,-3.4413054377991514,-1.2182153465231893,-0.439403121762728,-0.9586722382266801,1.0977259,0.006970300000000096,2.838482993197054,1.098636491855287,19.507030303029417,1.0845231060606069,10.172872000000012,37.85651,33.61911118506716,30.464781,0.016656091,0.016160993,0.00019093999999999708,4.803695150115475,9.99230769230769,3295.0643676800205,3.603061224489519,1.0592912435531616,1.1785030364990234
batch2,batch2-21,21,6C(60%)-3C,fastcharge,408.0,2.61066016308988,False,True,0.0,-3.3266790554359287,-1.1906584372549576,0.19578980553263498,-1.2511446967783506,1.0985936,0.008365100000000014,3.5468214471231456,1.0993065303548961,-43.725939393937935,1.1453644321212106,10.174583999999935,39.554886,33.60118814118363,30.169489264517047,0.017283741,0.017071372,0.00012853800000000096,4.800000000000001,10.0,3292.9601739499362,3.774761904761631,1.069184422492981,0.1347064971923828
batch2,batch2-22,22,VarCharge-2C-100cycles,varcharge,,,False,False,,-4.641168984202163,-2.1688219455245417,1.4915347666865988,2.293470970331475,1.0913191,0.00622900000000004,-1.418554898869989,1.0920209856887144,-70.76296774193669,1.1571433670967755,24.216832999999944,38.540268,34.50224371401082,30.210655,0.021770682,0.021770682,0.0,,,3381.182794345874,-2.4597959183675013,1.0614107847213745,2.940654754638672
batch2,batch2-23,23,VarCharge-4C-100cycles,varcharge,,,False,False,,-4.356254297805881,-1.7163006162688186,0.9748162020344574,-0.6079216590293055,1.0904602,0.002482799999999896,-11.966291430611959,1.0914940807736255,-71.16866129032627,1.1517894045161328,12.207750999999892,35.864387697699925,34.147927604894626,30.043352,0.021160889,0.021160889,0.0,,,3346.4682708689925,-8.373265306122263,1.0674248933792114,0.5338191986083984
batch2,batch2-24,24,4.8C(80%)-4.8C,fastcharge,514.0,2.710963118995276,False,True,0.0,-3.6408852579463837,-1.3397994143129544,0.147391831724939,-1.246939997024197,1.0923017,0.009624700000000042,4.325509709338842,1.0940981880280347,21.20042424242144,1.0801227048484874,10.170490666666689,39.222355,33.206377241160645,29.545424324822893,0.016653664,0.016424084,-0.00014084899999999845,4.800000000000001,10.0,3254.2142819069218,4.573043478260592,1.055884838104248,0.22494792938232422
batch2,batch2-25,25,5.2C(58%)-4C,fastcharge,493.0,2.69284691927723,False,True,0.0,-3.5344779661092542,-1.296635536308642,-0.06298630343161657,-1.3538644467314516,1.098838,0.008213400000000037,3.8600604823748412,1.100278415618635,23.77230303030323,1.0826872806060603,10.172881333333304,35.15638,32.23848796399698,30.123915,0.016827697,0.016576298,2.3801000000000377e-05,4.803695150115475,9.99230769230769,3159.4815622720052,4.407755102040908,1.0627353191375732,0.42128562927246094
batch2,batch2-26,26,5.6C(26%)-4.5C,fastcharge,450.0,2.6532125137753435,False,True,0.0,-3.2220536088944023,-1.1348437384267527,0.23025815921704598,-1.1877112539074615,1.1043522,0.0028544000000001457,-1.223195670995208,1.1047910398932173,12.981272727272879,1.0933725545454542,10.192329666666629,38.98082610957073,33.75843376995604,30.030421675893816,0.018412031,0.017513856,-0.0008291710000000001,4.806866952789699,9.985714285714288,3308.6802756097763,-0.7412328767122754,1.0649644136428833,0.0
batch2,batch2-27,27,5.2C(50%)-4.25C,fastcharge,474.0,2.6757783416740852,False,True,0.0,-3.48620357805416,-1.2636733346562035,-0.1392021011116151,-1.3553179420837722,1.0925682,0.01260059999999985,8.322792949907285,1.094291405898577,7.094909090906442,1.0969472818181842,10.174448333333178,39.292397,33.30411096115286,30.006104329573958,0.017678261,0.017410973,0.00012275900000000006,4.797829036635007,10.004524886877828,3263.9727345725987,8.379062499999993,1.0540752410888672,0.765681266784668
batch2,batch2-28,28,4.8C(80%)-4.8C,fastcharge,437.0,2.640481436970422,False,True,0.0,-3.4234111331712294,-1.2480173964140266,0.045824832488440284,-1.3911814317869224,1.0904486,0.009223800000000004,5.7402129870125895,1.0921266135988452,19.808787878788507,1.0793813975757567,10.17431633333336,35.97005389341205,32.143914131113334,29.689555895282943,0.016827082,0.016122971,-0.0006546150000000008,4.800000000000001,10.0,3150.1316609608575,6.130799999999918,1.0494762659072876,0.12934207916259766
batch2,batch2-29,29,5.2C(58%)-4C,fastcharge,452.0,2.655138434811382,False,True,0.0,-3.5082481885471055,-1.278737551949012,0.019297357261324453,-1.342338007471483,1.1032062,0.014966599999999941,12.008288806431068,1.1039015333147804,-4.466545454544984,1.1204395309090904,10.173121999999905,35.143738,31.797490897448796,29.61923518807385,0.016795976,0.016617509,0.00011061700000000035,4.803695150115475,9.99230769230769,3116.1449430838857,12.072692307692094,1.0628777742385864,0.1665353775024414
batch2,batch2-30,30,5.6C(26%)-4.5C,fastcharge,412.0,2.6148972160331345,False,True,0.0,-3.18540955633614,-1.1219206585664956,0.25115049873412154,-1.201256649085281,1.0946374,0.003826499999999955,-8.503881385281154,1.0973199017287152,-0.286848484848683,1.0914745103030306,10.223914333333378,38.2883066025032,33.81182141567536,29.889199981272736,0.017830005,0.01667887,-0.001062254999999998,4.806866952789699,9.985714285714288,3313.623995252693,-7.982857142857153,1.0527151823043823,0.0
batch2,batch2-31,31,5.6C(26%)-4.5C,fastcharge,425.0,2.6283889300503116,False,True,0.0,-3.3523588458514006,-1.1922699706704174,0.05927408939159888,-1.169473295342695,1.0990092,0.004161300000000034,3.9791858998146123,1.0978239646860437,-0.4224848484858548,1.102285443030304,10.177968666666759,37.238895,33.3758501254003,29.959369058435346,0.016888967,0.015888851,-0.0006819260000000028,4.806866952789699,9.985714285714288,3271.008955607689,3.7911428571429133,1.057179570198059,0.0
batch2,batch2-32,32,4.8C(80%)-4.8C-newstructure,newstructure,809.0,2.9079485216122722,False,True,1.0,-4.131466116298021,-1.5612809451317955,0.20779593895608273,-0.9720790369859316,1.0881557,0.005788700000000091,-5.568257266542735,1.0928872021150273,2.240424242420543,1.0860940448484886,10.041900666666674,34.753593,32.16894887045923,29.949444,0.014826416,0.014739397,-5.889600000000099e-05,4.800000000000001,10.0,3152.6248160900855,-4.458750000000153,1.0513769388198853,1.4047622680664062
batch2,batch2-33,33,5.2C(58%)-4C-newstructure,newstructure,1140.0,3.0569048513364727,False,True,1.0,-4.231628419415403,-1.6182579143320779,0.2859201031058254,-0.9761487497295627,1.0732747,0.0014279999999999848,-12.531416326531097,1.07698134151845,1.4609090909078553,1.067026401818183,10.03920333333323,35.019115,32.74157143407892,30.171801,0.015095364,0.014933125,-8.753799999999985e-05,4.803695150115475,9.99230769230769,3208.748444045293,-3.64499999999974,1.0566966533660889,0.46896934509277344
batch2,batch2-34,34,5.6C(26%)-4.5C-newstructure,newstructure,1186.0,3.074084689028244,False,True,1.0,-4.448585160038663,-1.7179903331581508,-0.1522686833282664,-0.8874031067721826,1.0671737,0.001733100000000043,-5.456295732837848,1.0699151785005145,2.1133939393911723,1.0623619987878814,10.040011000000039,39.697674,35.66789148456313,30.77528232546755,0.015062638,0.014872484,-0.00011882799999999964,4.806866952789699,9.985714285714288,3495.3683912738643,-2.659999999999943,1.0513824224472046,1.0302066802978516
batch2,batch2-35,35,VarCharge-6C-100cycles,varcharge,,,False,False,,-3.2189089732471543,-1.1208559934575735,0.8605023177630176,-0.531376752120412,1.0689886,0.000327200000000083,-43.3205671257065,1.068041317680841,-36.50348387096696,1.0670901135483863,8.05946366666661,39.534397,36.507257940976096,29.179466,0.020666521,0.020666521,0.0,,,3577.920604797253,-42.21733333333274,1.0508192777633667,0.0
batch2,batch2-36,36,VarCharge-8C-100cycles,varcharge,,,False,False,,-2.684917796176833,-0.8663789449493501,0.9417487062211917,-0.4883520210504275,1.0722352,0.0,-77.72913502851877,1.0724751209582821,-47.99511290322576,1.0514591851612902,6.486791666666589,42.888380722662205,38.56623803155033,28.966272,0.02033557,0.02033557,0.0,,,3779.7085340253534,-78.93073170731705,1.0529130697250366,0.0
batch2,batch2-37,37,3.6C(80%)-3.6C(SLOWCYCLE,slowcycle,,,False,False,,-4.770610733625386,-1.5423942772677415,-4.130955122253755,19.413038859387733,1.0834186,0.002584900000000001,0.3235107460034247,1.0840374198283707,0.40550000000011766,1.0844506527777775,13.504113333333274,39.1016536555162,32.93003403034187,29.14157988838459,0.017308667,0.016990282,0.009998608999999999,3.6000000000000005,13.333333333333332,3228.513205338447,-0.12149999999988559,1.0624810457229614,1.5221834182739258
batch2,batch2-38,38,4.8C(80%)-4.8C(SLOWCYCLE,slowcycle,,,False,False,,-4.2153502381837615,-1.4418973255786163,0.18618945410040658,-0.29359180228644943,1.0843664,0.0024343000000000004,-5.234621578716625,1.0867501451217418,-3.9341666666655124,1.0860003249999988,10.1692773333334,400.0,36.41258964127956,,0.016904857,0.016356453,0.009001521000000002,4.800000000000001,10.0,3426.853035395144,-4.072461538461388,1.0628927946090698,0.025093555450439453
batch2,batch2-39,39,3.6C(9%)-5C(SLOWCYCLE,slowcycle,,,False,False,,-3.3625834540946675,-1.215013258153172,0.48429118462632514,-1.070220456818202,1.072063,0.0021538000000000945,-7.018608151789626,1.074812589973797,-7.633166666667691,1.07581826388889,10.175516333333363,38.63601253667498,32.886249589388996,29.431343,0.017224574,0.016586451,0.008042265,4.790419161676647,10.02,3224.2720169719005,-5.892972972973196,1.0517858266830444,0.1704692840576172
batch2,batch2-40,40,5.2C(58%)-4C(SLOWCYCLE,slowcycle,,,False,False,,-3.5995672863359953,-1.317284886105357,0.3597683392488094,-1.0955772531410441,1.0839667,0.0035511999999999766,-1.5967939865742926,1.086389240146893,2.1733333333336575,1.0832512999999995,10.173128333333395,37.46236706873202,32.46931392128253,29.28211959977842,,,,4.803695150115475,9.99230769230769,3183.1146253082056,-0.290921052631691,1.0632621049880981,0.3612041473388672
batch2,batch2-41,41,5.6C(26%)-4.5C,fastcharge,442.0,2.645422269349092,False,True,0.0,-3.1723657966202605,-1.0918848912268748,-0.04398742475213944,-1.1480576826526583,1.1049188,0.005106599999999961,2.399820408163168,1.1047322431069877,-0.15642424242562444,1.1088786151515164,10.177705666666686,34.98487001858617,30.193787010451164,28.373512342449366,,,,4.806866952789699,9.985714285714288,2959.462562899497,2.607183098591385,1.063416838645935,0.0
batch2,batch2-42,42,5.2C(50%)-4.25C,fastcharge,474.0,2.6757783416740852,False,True,0.0,-3.482587699500616,-1.2662601794371033,0.3517317170755811,-1.1698090394650336,1.1024443,0.011393200000000103,8.583347433519059,1.1027536120008241,7.06951515151377,1.1060107230303042,10.174918666666732,36.76044310987061,31.709620029469267,29.125111,,,,4.797829036635007,10.004524886877828,3107.5157227329796,9.514931506849399,1.0586488246917725,0.07784366607666016
batch2,batch2-43,43,4.8C(80%)-4.8C-newstructure,newstructure,1029.0,3.012415374762433,False,True,1.0,-4.271781831960384,-1.7174943433023009,0.37364129383578304,-0.7838826042112119,1.0974334,0.004615400000000047,-7.295969944341106,1.1023848153786842,2.710787878786864,1.0939342575757582,10.0362016666667,38.4212899272313,33.92914533704784,30.231243,,,,4.800000000000001,10.0,3325.535346638004,-4.946406250000076,1.0600873231887817,1.2621879577636719
batch2,batch2-44,44,5.2C(58%)-4C-newstructure,newstructure,841.0,2.924795995797912,False,True,1.0,-4.364523625430775,-1.6924561264317335,-0.2315990183442516,-1.1068727671829324,1.09659,0.002728300000000017,-2.446207668521927,1.098876307325087,11.412545454541581,1.0859153090909126,10.040366333333369,37.579971,33.95995836968299,30.372488119722746,,,,4.803695150115475,9.99230769230769,3328.0966176223924,-2.0440909090914015,1.059308409690857,0.5352497100830078
batch2,batch2-45,45,5.6C(26%)-4.5C-newstructure,newstructure,997.0,2.998695158311656,False,True,1.0,-4.175214957232082,-1.5739695599633947,-0.33011589923148,-0.9304725653881234,1.1030351,0.0020833999999998465,-7.610656895484812,1.10510027845104,0.27618181818071685,1.0996454963636373,10.040267666666622,38.42024558425599,35.271412144027664,31.853023796346278,,,,4.806866952789699,9.985714285714288,3456.6112477029783,-5.110813953488491,1.0647060871124268,0.5353689193725586
batch2,batch2-46,46,4.8C(80%)-4.8C,fastcharge,503.0,2.7015679850559273,False,True,0.0,-3.5088751154919833,-1.276853075939632,-0.13392333302796972,-1.2034361740387274,1.100943,0.006137899999999918,1.9638269635131456,1.101560466430426,-20.177454545458726,1.121246729090913,10.169781000000075,31.867259462197975,29.88150861827619,27.912966565573445,,,,4.800000000000001,10.0,2928.1737694783747,2.542702702702605,1.063598871231079,0.708460807800293
batch3,batch3-00,0,5C(67%)-4C-newstructure,newstructure,1009.0,3.0038911662369103,False,True,1.0,-4.245114835175439,-1.6324265278010373,-0.19512166292488323,-1.1718837223492289,1.0674551,0.003916099999999867,-0.5346195423626031,1.07065909132014,-4.185030303031202,1.0735924739393947,10.044530999999989,33.974361,32.194853230782606,30.642652233872806,0.015398955,0.015180224,-0.00012841200000000136,4.804804804804804,9.990000000000002,3155.1482381772303,-1.4340000000008974,1.0539751052856445,1.5491247177124023
batch3,batch3-01,1,5.3C(54%)-4C-newstructure,newstructure,1063.0,3.0265332645232967,False,True,1.0,-4.28554286571514,-1.651224008871783,-0.28636952783613334,-1.1239940896039058,1.0650603,0.003679599999999894,-1.4719340754480144,1.0684723580956494,-6.469515151517784,1.0728812169696995,10.041138666666567,38.707848,34.83231929224147,31.221146,0.015162034,0.014931546,-0.00010282300000000015,4.793668739400791,10.013207547169813,3413.622587768824,-2.191428571429732,1.0516561269760132,1.6041994094848633
batch3,batch3-02,2,5.6C(19%)-4.6C-newstructure,newstructure,1267.0,3.1027766148834415,False,True,1.0,-4.779380430348688,-2.063080918595306,1.2545434567073175,1.9709439824916073,1.060818,0.0023956999999998896,-2.039117996289508,1.0631134653296226,-6.157393939395896,1.066844621212123,10.044049666666687,41.645876083931206,36.79033178065713,31.90753,0.01489381,0.014437579,-0.0004166900000000008,4.803729603729603,9.992236024844722,3605.4650652456253,-2.550714285714279,1.0474189519882202,2.0645856857299805
batch3,batch3-03,3,5.6C(36%)-4.3C-newstructure,newstructure,1115.0,3.0472748673841794,False,True,1.0,-4.116607754064371,-1.5712719618604214,-0.47954983371974885,-1.0204007985038064,1.0628892,0.0026450000000000085,-1.2654854669141906,1.0652984177901463,-7.7478787878805555,1.0711947842424259,10.042065333333351,40.076626,36.08374244976545,31.780437,0.015006617,0.014885032,5.60549999999993e-05,4.8015952143569285,9.996677740863788,3536.128531244099,-1.831058823529558,1.049902319908142,1.6182661056518555
batch3,batch3-04,4,5.6C(19%)-4.6C-newstructure,newstructure,1048.0,3.0203612826477078,False,True,1.0,-4.178465676831106,-1.605367736126399,-0.4358595995201157,-1.108117271581448,1.0724765,0.0027884999999998605,-0.5233104514546137,1.074804658027211,-2.376060606062198,1.0761844678787895,10.045031333333366,33.39357830787951,32.11715379681872,30.86325642415428,0.015246842,0.015085269,-6.733400000000049e-05,4.803729603729603,9.992236024844722,3147.5416065480667,-1.0283636363637363,1.0571297407150269,1.857757568359375
batch3,batch3-05,5,5.6C(36%)-4.3C-newstructure,newstructure,828.0,2.9180303367848803,False,True,1.0,-4.1144240024733305,-1.5943957757790568,-0.1629816050341865,-1.2847296722584154,1.0514506,0.0026052000000000852,-1.602090043289774,1.0539742073362188,-6.302727272732889,1.0580870145454602,10.041910000000012,40.19554382518285,35.56013985266867,31.605618939619383,0.015374157,0.015130546,-0.00016723399999999874,4.8015952143569285,9.996677740863788,3484.7631510141164,-2.043636363636591,1.0355924367904663,1.0396242141723633
batch3,batch3-06,6,3.7C(31%)-5.9C-newstructure,newstructure,667.0,2.824125833916549,False,True,1.0,-3.525708207292945,-1.2740746907867344,0.4831587033436961,-0.8670781397893337,1.0626124,0.00045920000000010397,-20.23977884972222,1.0640819993345705,-24.328727272730074,1.0680148345454572,10.06247166666663,37.461433,34.1072055276095,30.943061172088374,0.013527169,0.013527169,0.00032014799999999927,4.795167490389896,10.010077874484654,3342.54704361331,-20.308484848485126,1.0480799674987793,0.0
batch3,batch3-07,7,4.8C(80%)-4.8C-newstructure,newstructure,1836.0,3.2638726768652235,False,True,1.0,-4.488742147956798,-1.7680457141825905,-0.3407827460381603,-1.2007633522165029,1.0675218,0.003397199999999989,-0.23574483611610728,1.070297655118944,-6.748666666666012,1.0760852866666657,11.041577333333311,34.60008198094648,32.79694473003086,31.00022334239158,0.015535541,0.015372629,-3.5402999999999823e-05,4.800000000000001,10.0,3214.1867768477014,-1.0573913043478216,1.05274498462677,2.5374889373779297
batch3,batch3-08,8,5C(67%)-4C-newstructure,newstructure,828.0,2.9180303367848803,False,True,1.0,-4.09180376918313,-1.5710723405472427,-0.21507275463474268,-1.2791530471723278,1.0647362,0.003978199999999932,-0.33089511440911373,1.0681748474174393,-3.773696969699921,1.0708422406060636,10.044950000000002,35.5458971642776,33.05552416009523,30.969942,0.015438134,0.01520093,-0.00017268099999999918,4.804804804804804,9.990000000000002,3239.4879885989694,-1.054999999999806,1.050182580947876,1.692652702331543
batch3,batch3-09,9,5.3C(54%)-4C-newstructure,newstructure,1039.0,3.016615547557177,False,True,1.0,-3.982297085804219,-1.5290710132379413,-0.055848456915112595,-1.3472162905253624,1.0694826,0.00388809999999995,0.0668053184916058,1.0728252555501954,-0.8253333333347526,1.0732397333333346,10.041749333333332,35.6854391223452,33.08832983925303,31.020124803456543,0.015903223,0.015742281,-2.9396000000000977e-05,4.793668739400791,10.013207547169813,3242.674231318844,-0.7882692307691598,1.0546501874923706,2.2841691970825195
batch3,batch3-10,10,4.8C(80%)-4.8C-newstructure,newstructure,1078.0,3.03261876085072,False,True,1.0,-4.411356169152643,-1.7191249937562358,-0.24495627314560978,-1.1918750992707199,1.0617746,0.003226200000000068,-0.2875965367963509,1.0645252641327554,-11.395212121215552,1.0746039575757609,11.045003333333321,35.20887742320281,32.5348014795901,30.42616190989248,0.015551002,0.015318613,-0.00014386399999999876,4.800000000000001,10.0,3188.4735810606303,-0.8033333333336125,1.0474482774734497,1.1888742446899414
batch3,batch3-11,11,5.6C(19%)-4.6C-newstructure,newstructure,817.0,2.9122220565324155,False,True,1.0,-3.8849211244538933,-1.4674058745421477,-0.14019261890998475,-1.2656069364895908,1.0680679,0.0026927999999999397,-1.7682165739029632,1.070729462169862,-3.90187878788211,1.0722465442424274,10.042218333333295,38.22832463770115,34.20373702283128,31.117903,0.015608084,0.015485173,-4.955999999999884e-05,4.803729603729603,9.992236024844722,3351.980946480618,-2.3455999999999477,1.0526537895202637,0.9781122207641602
batch3,batch3-12,12,5.6C(36%)-4.3C-newstructure,newstructure,932.0,2.9694159123539814,False,True,1.0,-3.9467899075468065,-1.4984630877555078,0.009007609931336494,-1.2833713893321566,1.0741653,0.002777699999999994,-0.6679463203467265,1.0766760324213562,-2.3809696969692324,1.0779402660606057,10.04249166666661,36.11585579982815,33.2205731520236,30.951786787726437,0.016139418,0.01599754,-4.0385999999999894e-05,4.8015952143569285,9.996677740863788,3255.6433617052326,-1.3931249999987738,1.0596834421157837,1.4393329620361328
batch3,batch3-13,13,5.6C(19%)-4.6C-newstructure,newstructure,816.0,2.9116901587538613,False,True,1.0,-4.09446632654511,-1.5583666790206077,-0.2582684461456653,-1.1979399211069326,1.065558,0.004086699999999999,-1.2185193568341783,1.069335077195217,-4.97854545454423,1.0722577309090895,10.042319666666685,37.80334001741199,34.11768528185422,31.008408624872537,0.015250437,0.01506449,-0.00014514099999999967,4.803729603729603,9.992236024844722,3343.62409386086,-2.160000000000433,1.0495505332946777,2.2821426391601562
batch3,batch3-14,14,5.6C(36%)-4.3C-newstructure,newstructure,858.0,2.9334872878487053,False,True,1.0,-3.999667656050397,-1.5333934635876212,-0.19204284523669282,-1.3198368795642375,1.0727056,0.005038600000000004,0.46361076066727264,1.0767793645726649,-1.698545454549751,1.0781103509090952,10.041712000000018,36.101499457512425,33.11953606667905,30.790092,0.015668793,0.015496999,-7.740999999999998e-05,4.8015952143569285,9.996677740863788,3245.782831806567,-0.5121428571421204,1.0589350461959839,2.1047592163085938
batch3,batch3-15,15,5.9C(15%)-4.6C-newstructure,newstructure,876.0,2.9425041061680806,False,True,1.0,-4.00068444530643,-1.5304087129710087,-0.15382349919162353,-1.2842653867446592,1.0684187,0.002858699999999992,-1.156462213976474,1.0711365179513497,-7.973333333334892,1.0770642933333348,10.041533666666655,37.344582,33.51055049283859,30.48859917220236,0.015417448,0.01525728,-9.027200000000062e-05,4.798232044198895,10.003684598378777,3284.0887819460568,-1.6444827586206976,1.0521584749221802,1.528620719909668
batch3,batch3-16,16,4.8C(80%)-4.8C-newstructure,newstructure,1638.0,3.2143138974244,False,True,1.0,-4.694513647426703,-1.8712133523246313,-0.05327304317812102,-0.8886310113970808,1.061009,0.0033308999999999145,-0.9691301175018762,1.0640031119154811,-8.315333333334058,1.0705421733333338,11.04336633333335,38.21816186151848,34.94134876933804,31.641069440702125,0.015453937,0.015253145,-0.00012093599999999857,4.800000000000001,10.0,3424.2812037714634,-1.6755555555556276,1.0480016469955444,1.6645193099975586
batch3,batch3-17,17,5.3C(54%)-4C-newstructure,newstructure,1315.0,3.1189257528257768,False,True,1.0,-4.439713059065326,-1.7475740318925026,0.016697253297633226,-0.8152401394595228,1.0664514,0.002599599999999924,-0.5833125541120239,1.0673452964733043,-1.9984242424260743,1.0685331951515167,10.041974333333346,38.138309,35.07228784758459,31.041136885840285,0.015524552,0.01535425,-0.00016227499999999992,4.793668739400791,10.013207547169813,3436.914962648182,-1.648450704225531,1.053149700164795,1.833200454711914
batch3,batch3-18,18,5.6C(19%)-4.6C-newstructure,newstructure,1146.0,3.059184617631371,False,True,1.0,-4.254051992176569,-1.6297508791603548,-0.2289613933090348,-1.0571239746245658,1.0680237,0.0021301000000000236,-2.927494124922568,1.0703619310946189,-7.0058181818211365,1.0740334163636391,10.043129666666696,38.518787,35.2914180269327,32.020798,0.015098186,0.014978203,-3.7439999999999696e-05,4.803729603729603,9.992236024844722,3458.5762180525658,-3.313999999998707,1.0532959699630737,1.683950424194336
batch3,batch3-19,19,5.6C(36%)-4.3C-newstructure,newstructure,1155.0,3.062581984228163,False,True,1.0,-4.1719419655681325,-1.5969885254396095,-0.12087878153185333,-1.1118819524557828,1.0719248,0.0019749000000000017,-2.969135807050444,1.0742350855242218,-7.901090909089523,1.0787102018181804,10.043436999999928,38.401493,35.09835953689969,31.769892,0.015555796,0.015178323,-4.249000000000093e-05,4.8015952143569285,9.996677740863788,3439.65482820892,-3.3795918367344484,1.0573817491531372,0.9495019912719727
batch3,batch3-20,20,5C(67%)-4C-newstructure,newstructure,813.0,2.910090545594068,False,True,1.0,-4.066344726897455,-1.5517266517565587,-0.33953011645323405,-1.1827998591626958,1.0650502,0.0030607000000000273,-0.7154074211500192,1.0678147557645838,-4.072121212122594,1.070552775757577,10.04332966666664,36.232254,33.10212248197412,30.598567437403773,0.015409848,0.015206913,-7.635700000000085e-05,4.804804804804804,9.990000000000002,3244.071146869551,-1.3900000000000023,1.0498093366622925,1.226663589477539
batch3,batch3-21,21,3.7C(31%)-5.9C-newstructure,newstructure,772.0,2.887617300335736,False,True,1.0,-3.70432665251622,-1.3637515716990811,0.5061398589749484,-0.8460875220759072,1.0678563,0.0008403999999999634,-15.949170191713218,1.070112266696763,-19.249454545455244,1.0731308890909097,10.067868000000017,38.317612,34.900399416468076,31.554761921167493,0.013943589,0.01394002,0.00023393700000000003,4.795167490389896,10.010077874484654,3420.2418835100475,-16.51472222222234,1.053650975227356,0.020802021026611328
batch3,batch3-22,22,5.9C(60%)-3.1C-newstructure,newstructure,1002.0,3.0008677215312267,False,True,1.0,-4.046822403242366,-1.5465385217429488,0.052921799855205925,-1.2689735697182976,1.0562643,0.002844599999999975,-1.5988764378483082,1.0589703502156254,-5.285939393941039,1.0622420321212136,10.043384333333282,37.97354076473168,34.61069656408486,31.405123,0.015852775,0.015614755,-0.00012298300000000012,4.813157894736842,9.972662657189721,3391.854302305703,-2.245205479452285,1.0418376922607422,1.3506412506103516
batch3,batch3-23,23,4.8C(80%)-4.8C-newstructure,newstructure,,,False,False,,-4.54378988590744,-1.8066440984495684,0.10136141784987665,-1.0378805025699143,1.0661554,0.002912900000000107,-0.5331878787886973,1.0683831480404042,-12.78521212121303,1.0794920175757583,11.037604666666738,38.5191,34.929390162261846,31.40458622747475,0.015350789,0.015194215,-7.400299999999957e-05,4.800000000000001,10.0,3423.1058709063595,-0.6318918918923587,1.0511986017227173,1.7088651657104492
batch3,batch3-24,24,5C(67%)-4C-newstructure,newstructure,825.0,2.916453948549925,False,True,1.0,-4.155254877463594,-1.6060318174485186,-0.3357491103870897,-1.2618526132784331,1.0462732,0.004855700000000018,0.9650588744587499,1.0499490280548336,-5.473030303031086,1.0555170539393945,10.042240333333272,37.871063,34.68760501613314,31.712324162858778,0.015751192,0.01550305,-0.0001505590000000015,4.804804804804804,9.990000000000002,3399.3773297785074,0.28617021276580074,1.0326114892959595,1.8886327743530273
batch3,batch3-25,25,5.3C(54%)-4C-newstructure,newstructure,989.0,2.9951962915971793,False,True,1.0,-4.146560815946868,-1.5755067735891382,-0.36635173756042705,-1.073333989123681,1.0611302,0.004340299999999964,0.695084353741887,1.064468012030096,-5.5908484848504765,1.0698965703030323,10.041598333333386,39.595110804534556,35.58186389191699,31.926973,0.015752004,0.015591009,-4.924599999999932e-05,4.793668739400791,10.013207547169813,3487.0426867688334,-0.13935483870974516,1.047638177871704,2.315998077392578
batch3,batch3-26,26,5.6C(19%)-4.6C-newstructure,newstructure,1028.0,3.011993114659257,False,True,1.0,-4.219507406470884,-1.6165598507958518,-0.34215572749710893,-1.060482884201643,1.0720186,0.0037909000000000415,-0.042884230055903014,1.0751341679270245,-4.365515151514872,1.0787545169696966,10.041816666666708,39.786995,35.745916536891265,31.812666,0.015693368,0.015538619,-4.2369000000000434e-05,4.803729603729603,9.992236024844722,3503.1243809078514,-0.7683333333332228,1.0583624839782715,2.482175827026367
batch3,batch3-27,27,5.6C(36%)-4.3C-newstructure,newstructure,850.0,2.929418925714293,False,True,1.0,-4.130132317741366,-1.575113444673543,-0.3611548950423552,-1.114147847693827,1.0604171,0.004035500000000081,-0.40353704390864875,1.0639148665186557,-4.649272727275475,1.0673721254545483,10.045022333333327,38.98098,35.30844806776433,31.88298,0.015073455,0.014868693,-9.954799999999965e-05,4.8015952143569285,9.996677740863788,3460.2377959645496,-1.200526315789228,1.0465508699417114,1.9786357879638672
batch3,batch3-28,28,3.7C(31%)-5.9C-newstructure,newstructure,541.0,2.7331972651065692,False,True,0.0,-3.45165787760518,-1.2378384825837947,0.2996424377376573,-0.980301185763989,1.0518668,0.0008316999999999908,-19.802208534322755,1.0546211465545243,-26.725333333334298,1.0606691533333341,10.05914166666674,39.85648636436463,35.69688828820833,31.972694,0.013169404,0.013169404,0.00043592300000000125,4.795167490389896,10.010077874484654,3498.2719491240823,-20.126792452829953,1.0356355905532837,0.0
batch3,batch3-29,29,5.9C(15%)-4.6C-newstructure,newstructure,858.0,2.9334872878487053,False,True,1.0,-4.063576114758697,-1.5387794123518992,-0.3484493686675275,-1.1797573744297691,1.0663688,0.0048319999999999474,0.40776202844721887,1.0702923110624611,-5.961212121213204,1.0755420975757586,10.041687666666647,31.999889,31.262889334066085,30.393116,0.014962286,0.014745088,-0.00016551100000000013,4.798232044198895,10.003684598378777,3063.77221138278,-0.5351250000001917,1.050610065460205,2.6330947875976562
batch3,batch3-30,30,5.3C(54%)-4C-newstructure,newstructure,935.0,2.9708116108725178,False,True,1.0,-4.100225688314491,-1.5728838619681171,-0.3873117125207454,-1.1369090092308618,1.0687393,0.0036004999999998955,-0.3416536796534243,1.071880174689754,-3.100909090907998,1.074063598181817,10.043678666666674,34.756857996430846,32.24311941023021,30.474829,0.015732529,0.015509814,-0.00011412599999999912,4.793668739400791,10.013207547169813,3159.876736167144,-1.1200000000000954,1.055137038230896,2.01416015625
batch3,batch3-31,31,5.9C(60%)-3.1C-newstructure,newstructure,731.0,2.8639173769578603,False,True,1.0,-3.8396031120794785,-1.4483136675364605,-0.12085269290097811,-1.2916364730942116,1.0681812,0.0034605000000000885,-0.8999562152133179,1.071258665548546,-3.540727272728333,1.0732814145454554,10.046477666666663,37.242977,34.00003070157337,30.816336554657795,0.015983483,0.015812302,-2.983200000000047e-05,4.813157894736842,9.972662657189721,3331.9983096458177,-1.7706896551726055,1.0534167289733887,1.099705696105957
batch3,batch3-32,32,4.8C(80%)-4.8C-newstructure,newstructure,,,False,False,,-4.6733526549067355,-1.9947591914954907,1.08917372785453,1.79291425401715,1.0725862,0.0024730000000001695,-1.0736820037102397,1.0748768838824978,-3.8338181818191908,1.0772213163636375,11.037869333333315,38.663817380662245,35.436174962805026,31.879961732473685,0.015545605,0.015263474,-0.00017144699999999992,4.800000000000001,10.0,3472.8074254520525,-1.4700000000000144,1.0594723224639893,1.5506744384765625
batch3,batch3-33,33,5C(67%)-4C-newstructure,newstructure,1284.0,3.1085650237328344,False,True,1.0,-4.395898376921114,-1.70145480046666,-0.42003491326320114,-1.008925308267332,1.060272,0.00264439999999988,-1.2591045145338764,1.062801338251907,-5.687757575757686,1.0666273884848485,10.043301333333366,34.695709,33.10710984192206,31.415869,0.015511206,0.015279103,-0.00015399299999999984,4.804804804804804,9.990000000000002,3244.521807546151,-1.8337999999999965,1.0463674068450928,1.3594627380371094
batch3,batch3-34,34,5.3C(54%)-4C-newstructure,newstructure,1158.0,3.0637085593914173,False,True,1.0,-4.305659661363177,-1.6673618955999268,-0.18408041934292782,-1.1558141593052305,1.061535,0.0027430999999999983,-2.115797278911987,1.0643250697435578,-7.76575757575774,1.0693081484848483,10.044184666666649,39.49040963165045,35.77943527518051,31.956257,0.015438841,0.015220164,-0.00010690799999999931,4.793668739400791,10.013207547169813,3506.3977895982625,-2.7582142857141,1.0468714237213135,1.6026496887207031
batch3,batch3-35,35,5.6C(19%)-4.6C-newstructure,newstructure,1093.0,3.038620161949703,False,True,1.0,-4.234858330386991,-1.6377423516555343,-0.2963359834873608,-1.1528185989324844,1.0633804,0.002049399999999979,-1.953093877550817,1.0654954172714899,-4.981272727276412,1.0681985454545488,10.043148666666676,39.086731,35.532941501822236,31.761244,0.01549053,0.015308049,-7.601500000000046e-05,4.803729603729603,9.992236024844722,3482.267811873189,-2.443150684931422,1.0486609935760498,1.4278888702392578
batch3,batch3-36,36,5.6C(36%)-4.3C-newstructure,newstructure,923.0,2.965201701025912,False,True,1.0,-4.2534578748541625,-1.6386155341217696,-0.2511215257135235,-1.096826449826653,1.0575287,0.003076099999999915,-2.197191960420188,1.0604838153745615,-5.938606060605355,1.0636667387878778,10.043801000000046,39.893036,35.87907157748097,31.939495,0.015267849,0.015083324,-8.82880000000006e-05,4.8015952143569285,9.996677740863788,3516.153406277568,-3.0462903225807687,1.0430511236190796,1.9273757934570312
batch3,batch3-37,37,4.8C(80%)-4.8C-newstructure,newstructure,1390.0,3.143014800254095,False,True,1.0,-5.098855645354507,-2.073665843833547,1.132270857391533,3.4189867083487178,1.0465839,0.012100800000000023,-0.20516487322216556,1.0495469381257467,-6.313090909092821,1.0546116018181835,11.038556666666702,38.20889912669421,35.01461049108638,31.092140415529904,0.014924189,0.01243343,-0.00013295699999999952,4.800000000000001,10.0,3431.1672283169223,-1.3718750000002444,1.0323569774627686,3.035902976989746
batch3,batch3-38,38,5C(67%)-4C-newstructure,newstructure,1935.0,3.28668096935493,False,True,1.0,-4.342052885751192,-1.6957890620437919,-0.05416426918260814,-1.176887361779308,1.0701473,0.0025093000000000476,-0.8787589363021426,1.0724309185726653,-6.188181818183164,1.0772456436363649,10.044471,38.268311,34.745836319764145,30.966864,0.015988033,0.015742945,-0.00011589700000000022,4.804804804804804,9.990000000000002,3405.122013273972,-1.3824999999997225,1.056072473526001,1.249551773071289
batch3,batch3-39,39,5.3C(54%)-4C-newstructure,newstructure,1156.0,3.0629578340845103,False,True,1.0,-4.454635227756273,-1.758007938016135,-0.29253829896286404,-1.0030131461810723,1.0474036,0.004107000000000083,-0.6583238095233321,1.050918795647907,-2.41103030303177,1.0520108139393956,10.043833000000012,36.491322,33.887021839840784,30.99731619825322,0.015740704,0.015480768,-0.00015527400000000038,4.793668739400791,10.013207547169813,3320.904447926668,-1.7286666666664154,1.0337769985198975,2.8580427169799805
batch3,batch3-40,40,5.6C(19%)-4.6C-newstructure,newstructure,796.0,2.900913067737669,False,True,1.0,-4.29510821174953,-1.65651699810127,-0.31543039126354583,-1.1385134622710409,1.0593235,0.004510000000000014,-0.7692147186143209,1.0633916873852807,-4.828969696970309,1.0666356460606066,10.043562999999995,38.358112,34.05341123035083,30.658075,0.015561919,0.015254971,-0.00023430500000000062,4.803729603729603,9.992236024844722,3337.2344770598907,-1.9054385964911909,1.04341721534729,3.685116767883301
batch3,batch3-41,41,5.6C(36%)-4.3C-newstructure,newstructure,786.0,2.895422546039408,False,True,1.0,-4.2195092012941755,-1.6163104743144223,-0.3571334173517347,-1.063131006870621,1.0505219,0.004361900000000141,0.9732244897959292,1.0538777989445467,-5.06472727272885,1.0591494945454558,10.042974333333357,37.245838,33.640262798950594,30.47063701600857,0.01854171,0.017006677,-0.00017313199999999945,4.8015952143569285,9.996677740863788,3296.789848132947,0.10681818181830967,1.0392646789550781,1.8080472946166992
batch3,batch3-42,42,4.8C(80%)-4.8C-newstructure,newstructure,1642.0,3.215373152783422,False,True,1.0,-4.346194968957672,-2.251051820442725,1.9865726939492787,2.9202471176055482,1.0669198,0.0030687000000000353,0.1810488559057082,1.069428021649144,-2.3201212121231736,1.0713579757575775,11.038937333333307,37.087307,33.03326599301577,30.329844727413835,0.016376682,0.015753616,-0.0005620929999999996,4.800000000000001,10.0,3237.1350171388667,-0.4498701298700895,1.051190972328186,2.398967742919922
batch3,batch3-43,43,5C(67%)-4C-newstructure,newstructure,1046.0,3.0195316845312554,False,True,1.0,-4.316747985934323,-1.8868475026661642,0.9693083090523493,0.8468140162557338,1.0701852,0.0031487999999999516,0.3041014223876659,1.0727293355473093,-4.398121212123815,1.0767693957575781,10.043887666666608,38.634735,33.89526904792961,30.366573,0.015843671,0.015550403,-0.00014502799999999844,4.804804804804804,9.990000000000002,3321.4435111706407,-0.2210389610391172,1.0552105903625488,1.1218786239624023
batch3,batch3-44,44,5.3C(54%)-4C-newstructure,newstructure,940.0,2.9731278535996988,False,True,1.0,-4.131495550658464,-1.585275244389087,-0.24461621502665076,-1.238396051210641,1.06972,0.004184900000000047,0.4689736549163306,1.0730782133349823,-1.7926666666705957,1.0746688466666705,10.043435666666628,36.881859,33.35164903826186,30.183569,0.015722955,0.01551657,-0.00010574500000000084,4.793668739400791,10.013207547169813,3268.47796467442,-0.5714285714280856,1.0555208921432495,2.6117563247680664
batch3,batch3-45,45,4.8C(80%)-4.8C-newstructure,newstructure,1801.0,3.2555137128195333,False,True,1.0,-4.520850829796468,-1.7830954468849838,-0.3281435506429862,-1.1771279663142207,1.0695485,0.0025961999999999374,-0.012584539269261775,1.0714722756907844,-0.7187878787901366,1.0717359024242445,11.037649999999994,35.085537,32.72596355233115,30.620083,0.015742011,0.015557319,-7.953999999999947e-05,4.800000000000001,10.0,3207.2162675131835,-0.4443678160920986,1.0540763139724731,2.3058652877807617
