cell_key,batch,idx,policy,group,cycle_life,labeled,censored,C1,Q1,C2,t80_min,avgC_80,I_qw_policy,I_peak,t_peak,t80_meas,I_avg80,I_qw80,t_chg,t_rest_chg,t_cv,Q_hi,I_post80,V_hi_end,dT_chg,slope_2_100,slope_100_300,QD_init,fade_life,dTmax,dIR,ct_med,ct_ratio,dQ_logvar,Qcc_init
batch1-00,batch1,0,3.6C(80%)-3.6C,fastcharge,1190.0,False,True,3.6,80.0,3.6,13.3333,3.6,3.6,3.6007,13.3282,13.3382,3.5987,3.5995,34.3569,1.016,11.1686,0.7999,0.9956,3.5381,1.5681,0.1014,-3.2898,1.0738,0.1628,-0.1096,0.0677,13.3582,1.0019,-5.0149,1.0562
batch1-01,batch1,1,3.6C(80%)-3.6C,fastcharge,1179.0,False,True,3.6,80.0,3.6,13.3333,3.6,3.6,3.6007,13.3288,13.3381,3.5987,3.5995,34.3685,1.0271,10.8353,0.8,1.0003,3.539,1.1285,-1.3873,-2.7299,1.0788,0.1686,-0.3563,0.0858,13.3416,1.0006,-5.014,1.0635
batch1-02,batch1,2,3.6C(80%)-3.6C,fastcharge,1177.0,False,True,3.6,80.0,3.6,13.3333,3.6,3.6,3.6007,13.3287,13.3382,3.5987,3.5995,34.3687,1.0272,10.5853,0.8,1.0003,3.5348,1.2547,-0.2867,-2.5878,1.0832,0.1726,-0.3268,0.1142,13.3416,1.0006,-4.737,1.0667
batch1-03,batch1,3,4C(80%)-4C,fastcharge,1226.0,False,True,4.0,80.0,4.0,12.0,4.0,4.0,4.0011,11.9954,12.0049,3.9984,3.9994,33.0321,1.0243,10.6685,0.8,1.0004,3.5524,0.652,0.47,-3.3775,1.0833,0.1658,-0.3231,0.1172,12.0922,1.0077,-4.4426,1.0662
batch1-04,batch1,4,4C(80%)-4C,fastcharge,1227.0,False,True,4.0,80.0,4.0,12.0,4.0,4.0,4.0009,11.9953,12.0047,3.9984,3.9994,33.0334,1.0253,10.752,0.8,1.0004,3.5587,1.4934,0.6237,-3.1288,1.081,0.1638,-0.0315,0.0602,12.0922,1.0077,-4.6477,1.0647
batch1-05,batch1,5,4.4C(80%)-4.4C,fastcharge,1074.0,True,False,4.4,80.0,4.4,10.9091,4.4,4.4,4.4008,10.9046,10.914,4.398,4.3993,31.9334,1.0162,10.8352,0.8,1.0001,3.575,2.0838,0.1553,-4.1055,1.0793,0.1856,0.1033,0.0349,10.9174,1.0008,-4.1789,1.0616
batch1-06,batch1,6,4.8C(80%)-4.8C,fastcharge,636.0,True,False,4.8,80.0,4.8,10.0,4.8,4.8,4.8003,9.9955,10.0049,4.7976,4.7991,31.0246,1.0161,10.86,0.8,1.0005,3.5964,3.1793,-1.9874,-8.9793,1.0801,0.3146,0.201,-0.1475,10.0083,1.0008,-3.7689,1.0632
batch1-07,batch1,7,4.8C(80%)-4.8C,fastcharge,870.0,True,False,4.8,80.0,4.8,10.0,4.8,4.8,4.8003,9.9956,10.0049,4.7977,4.7991,31.024,1.0161,9.9186,0.8,1.0005,3.5827,2.7586,-1.8053,-5.0619,1.0971,0.2496,0.2176,0.0868,10.009,1.0009,-3.8135,1.0808
batch1-08,batch1,8,5.4C(40%)-3.6C,fastcharge,879.0,False,True,5.4,40.0,3.6,11.1111,4.32,4.5,5.4018,4.4398,11.1261,4.3142,4.4979,32.1509,0.9424,10.0853,0.8022,1.0,3.535,0.9826,-0.5261,-4.3081,1.0932,0.2426,0.263,0.0997,11.2085,1.0088,-4.0012,1.0776
batch1-09,batch1,9,5.4C(40%)-3.6C,fastcharge,1054.0,True,False,5.4,40.0,3.6,11.1111,4.32,4.5,5.4027,4.4402,11.1268,4.3139,4.4979,32.1512,0.943,10.502,0.8021,1.0,3.5341,1.6812,0.9708,-3.7373,1.0855,0.195,0.5111,0.0285,11.2084,1.0088,-4.0594,1.0686
batch1-10,batch1,10,5.4C(50%)-3C,fastcharge,906.0,False,True,5.4,50.0,3.0,11.5556,4.1538,4.5,5.4093,5.5504,11.5684,4.1492,4.4988,32.5872,0.9353,10.9187,0.7997,1.0,3.5057,2.3038,0.0532,-3.74,1.0783,0.2188,0.2116,0.1828,11.6522,1.0084,-4.0226,1.0601
batch1-11,batch1,11,5.4C(50%)-3C,fastcharge,788.0,True,False,5.4,50.0,3.0,11.5556,4.1538,4.5,5.4013,5.5508,11.5681,4.1493,4.4987,32.588,0.9361,12.1685,0.8019,0.926,3.5151,2.2508,0.2563,-4.3195,1.0573,0.225,0.0458,-0.1805,11.6524,1.0084,-4.1469,1.0363
batch1-12,batch1,12,5.4C(50%)-3.6C,fastcharge,902.0,False,True,5.4,50.0,3.6,10.5556,4.5474,4.725,5.4012,5.551,10.5694,4.5414,4.7231,31.5949,0.9424,10.752,0.8022,1.0,3.5313,2.6248,0.2615,-3.4581,1.0804,0.2221,0.4844,0.0677,10.653,1.0092,-4.1252,1.0646
batch1-13,batch1,13,5.4C(50%)-3.6C,fastcharge,897.0,False,True,5.4,50.0,3.6,10.5556,4.5474,4.725,5.4015,5.5512,10.57,4.5412,4.7231,31.5949,0.9425,10.5854,0.8022,1.0,3.5378,1.5909,-0.6654,-3.6756,1.0829,0.2262,0.3146,0.0771,10.6527,1.0092,-4.048,1.0674
batch1-14,batch1,14,5.4C(60%)-3C,fastcharge,880.0,True,False,5.4,60.0,3.0,10.6667,4.5,4.8,5.4062,6.6622,10.6805,4.4942,4.7988,31.7018,0.9388,11.0854,0.8018,0.9995,3.5104,3.2276,1.4028,-4.2514,1.0742,0.2207,0.2478,0.0241,10.7633,1.0091,-4.0461,1.056
batch1-15,batch1,15,5.4C(60%)-3C,fastcharge,719.0,True,False,5.4,60.0,3.0,10.6667,4.5,4.8,5.4013,6.662,10.6794,4.4946,4.7986,31.703,0.9397,11.6687,0.7997,0.9727,3.5106,3.3377,1.896,-4.4159,1.0655,0.258,0.4366,-0.0165,10.7635,1.0091,-4.0179,1.0468
batch1-16,batch1,16,5.4C(60%)-3.6C,fastcharge,862.0,True,False,5.4,60.0,3.6,10.0,4.8,4.95,5.4049,6.6618,10.0142,4.7932,4.9482,31.028,0.9316,10.5852,0.8022,1.0,3.5379,2.8452,1.1824,-4.0868,1.0848,0.2376,0.4527,0.1234,10.097,1.0097,-4.0994,1.0679
batch1-17,batch1,17,5.4C(60%)-3.6C,fastcharge,857.0,True,False,5.4,60.0,3.6,10.0,4.8,4.95,5.4048,6.662,10.0137,4.7934,4.9483,31.0285,0.9317,11.0852,0.8022,1.0,3.538,2.8066,0.5771,-3.537,1.0748,0.2273,0.6116,0.1284,10.1038,1.0104,-3.9702,1.0581
batch1-18,batch1,18,5.4C(70%)-3C,fastcharge,691.0,True,False,5.4,70.0,3.0,9.7778,4.9091,5.1,5.4032,7.7735,9.7878,4.9041,5.1092,30.8176,0.9424,11.502,0.802,1.0145,3.5165,2.9332,-5.8157,-12.6634,1.0684,0.2726,0.537,-3.9699,9.9578,1.0184,-3.6501,1.0497
batch1-19,batch1,19,5.4C(70%)-3C,fastcharge,788.0,True,False,5.4,70.0,3.0,9.7778,4.9091,5.1,5.4014,7.7733,9.7893,4.9033,5.0988,30.8175,0.943,10.3356,0.8019,1.0,3.5059,3.5409,-1.7153,-7.2481,1.0877,0.2635,0.7175,0.0653,9.9579,1.0184,-3.6199,1.0715
batch1-20,batch1,20,5.4C(80%)-5.4C,fastcharge,534.0,True,False,5.4,80.0,5.4,8.8889,5.4,5.4,5.404,8.8017,8.9036,5.3911,5.3955,29.9185,0.9318,11.4572,0.8034,1.0,3.6003,2.7342,-14.8563,-27.3099,1.0754,0.3658,-0.1705,-0.3109,9.0063,1.0132,-3.3672,1.0576
batch1-21,batch1,21,5.4C(80%)-5.4C,fastcharge,559.0,True,False,5.4,80.0,5.4,8.8889,5.4,5.4,5.4033,8.8839,8.8929,5.3976,5.3994,29.9124,1.0162,10.4357,0.8,1.0007,3.5969,4.3592,-9.2963,-18.9008,1.0853,0.3673,-0.7964,0.0102,8.9857,1.0109,-3.3503,1.069
batch1-22,batch1,22,6C(30%)-3.6C,fastcharge,891.0,False,True,6.0,30.0,3.6,11.3333,4.2353,4.5,6.0016,2.9958,11.3471,4.2301,4.498,32.3672,0.9375,10.6688,0.8022,1.0,3.5351,1.6726,-1.742,-3.5771,1.0824,0.2271,0.7097,0.0737,11.4303,1.0086,-3.9522,1.066
batch1-23,batch1,23,6C(30%)-3.6C,fastcharge,1014.0,True,False,6.0,30.0,3.6,11.3333,4.2353,4.5,6.0016,2.9956,11.3488,4.2295,4.4977,32.3689,0.9382,10.6689,0.8021,1.0,3.536,1.2217,-1.4275,-3.4632,1.0821,0.1993,0.4861,0.0923,11.4303,1.0086,-4.0408,1.0665
batch1-24,batch1,24,6C(40%)-3C,fastcharge,1017.0,True,False,6.0,40.0,3.0,12.0,4.0,4.5,6.0015,3.9958,12.0121,3.996,4.4988,33.0372,0.9413,10.8354,0.7997,1.0,3.5041,2.1464,-0.4255,-3.9022,1.0771,0.1938,0.5486,0.1002,12.0983,1.0082,-3.9387,1.0606
batch1-25,batch1,25,6C(40%)-3C,fastcharge,854.0,True,False,6.0,40.0,3.0,12.0,4.0,4.5,6.0031,3.9954,12.0126,3.9958,4.4985,33.0396,0.9424,10.8354,0.7998,1.0,3.5024,2.6728,-1.0004,-4.7769,1.0777,0.2315,0.6391,0.0851,12.0974,1.0081,-4.0279,1.0625
batch1-26,batch1,26,6C(40%)-3.6C,fastcharge,870.0,True,False,6.0,40.0,3.6,10.6667,4.5,4.8,6.0019,3.9957,10.6788,4.4949,4.7984,31.6961,0.9317,10.0854,0.8024,1.0,3.5297,1.9382,-2.0448,-4.4889,1.0904,0.2418,0.6691,0.1106,10.7651,1.0092,-3.7952,1.0749
batch1-27,batch1,27,6C(40%)-3.6C,fastcharge,842.0,True,False,6.0,40.0,3.6,10.6667,4.5,4.8,6.0032,3.9954,10.6787,4.4949,4.7981,31.695,0.9317,10.5853,0.8023,1.0,3.5289,2.2537,-1.8256,-4.4033,1.0816,0.2394,0.6916,0.1328,10.7638,1.0091,-3.8537,1.0654
batch1-28,batch1,28,6C(50%)-3C,fastcharge,860.0,True,False,6.0,50.0,3.0,11.0,4.3636,4.875,6.0044,4.9952,11.0116,4.359,4.8736,32.0282,0.9319,10.6687,0.8019,1.0,3.5037,3.0931,-1.2263,-4.4376,1.0805,0.2331,0.8886,0.1488,11.1789,1.0163,-3.8447,1.0649
batch1-29,batch1,29,6C(50%)-3C,fastcharge,917.0,True,False,6.0,50.0,3.0,11.0,4.3636,4.875,6.0014,4.9956,11.0113,4.3592,4.8737,32.0279,0.9317,10.5852,0.7998,1.0,3.5026,2.165,-1.2548,-4.7177,1.0822,0.2205,0.5341,0.1326,11.1795,1.0163,-3.8383,1.0666
batch1-30,batch1,30,6C(50%)-3.6C,fastcharge,709.0,True,False,6.0,50.0,3.6,10.0,4.8,5.1,6.0012,4.9954,10.0109,4.7948,5.0984,31.0285,0.9317,10.5852,0.8024,1.0,3.5258,2.6335,-2.5424,-5.6262,1.0827,0.2859,0.6523,0.1441,10.0968,1.0097,-3.7447,1.0665
batch1-31,batch1,31,6C(50%)-3.6C,fastcharge,876.0,True,False,6.0,50.0,3.6,10.0,4.8,5.1,6.0013,4.9954,10.0135,4.7935,5.098,31.0287,0.9317,9.6687,0.8022,1.0,3.5265,0.2117,-3.3476,-5.1491,1.0976,0.2484,0.104,0.1029,10.0968,1.0097,-3.7777,1.0833
batch1-32,batch1,32,6C(60%)-3C,fastcharge,731.0,True,False,6.0,60.0,3.0,10.0,4.8,5.25,6.0014,5.9956,10.0104,4.795,5.2487,31.0281,0.9317,10.6686,0.8015,1.0,3.501,3.1611,-1.9462,-5.4865,1.0805,0.2743,0.4281,0.1437,10.0964,1.0096,-3.6465,1.0642
batch1-33,batch1,33,6C(60%)-3C,fastcharge,757.0,True,False,6.0,60.0,3.0,10.0,4.8,5.25,6.0018,5.9952,10.0105,4.795,5.2488,31.0283,0.9317,9.8353,0.7999,1.0,3.5012,3.9907,-3.0371,-5.7956,1.0957,0.285,0.8865,0.0919,10.0966,1.0097,-3.6671,1.0803
batch1-34,batch1,34,7C(30%)-3.6C,fastcharge,742.0,True,False,7.0,30.0,3.6,10.9048,4.4017,4.875,7.0015,2.5669,10.9171,4.3968,4.8728,31.9402,0.9387,10.8354,0.8023,1.0,3.5417,1.9402,-0.9303,-4.7382,1.079,0.2681,0.7483,0.0793,11.0013,1.0089,-3.8486,1.0608
batch1-35,batch1,35,7C(30%)-3.6C,fastcharge,703.0,True,False,7.0,30.0,3.6,10.9048,4.4017,4.875,7.001,2.5669,10.9176,4.3966,4.8727,31.9411,0.9397,11.0021,0.8022,1.0,3.5358,1.696,-0.466,-4.3985,1.0736,0.2753,0.7047,0.1374,11.0013,1.0089,-3.7726,1.0587
batch1-36,batch1,36,7C(40%)-3C,fastcharge,704.0,True,False,7.0,40.0,3.0,11.4286,4.2,5.0,7.0012,3.4241,11.4462,4.1935,4.9984,32.456,0.9317,10.6689,0.8016,1.0,3.5024,1.5015,-1.4878,-5.6019,1.0809,0.2853,0.548,0.1779,11.5247,1.0084,-3.6695,1.0655
batch1-37,batch1,37,7C(40%)-3C,fastcharge,648.0,True,False,7.0,40.0,3.0,11.4286,4.2,5.0,7.0018,3.4241,11.4456,4.1937,4.9984,32.4562,0.9318,10.9188,0.8016,1.0,3.5032,2.4914,-1.7583,-6.5612,1.0776,0.3049,0.8203,0.1412,11.5248,1.0084,-3.6739,1.0604
batch1-38,batch1,38,7C(40%)-3.6C,fastcharge,617.0,True,False,7.0,40.0,3.6,10.0952,4.7547,5.3,7.0052,3.4237,10.1114,4.7471,5.2974,31.1247,0.9317,10.9186,0.8022,1.0,3.5332,3.1909,-1.7669,-5.8626,1.0754,0.3167,1.0878,0.2037,10.1937,1.0098,-3.433,1.0585
batch1-39,batch1,39,7C(40%)-3.6C,fastcharge,625.0,True,False,7.0,40.0,3.6,10.0952,4.7547,5.3,7.0068,3.424,10.1056,4.7499,5.2983,31.1226,0.9316,10.4184,0.8024,1.0,3.5295,3.4555,-1.2329,-5.9944,1.0849,0.3279,1.0639,0.1906,10.2746,1.0178,-3.5045,1.0689
batch1-40,batch1,40,8C(15%)-3.6C,fastcharge,966.0,True,False,8.0,15.0,3.6,11.9583,4.0139,4.425,8.0036,1.1203,11.972,4.0093,4.4221,32.9866,0.9318,10.4188,0.8022,1.0,3.5349,1.7002,-1.6114,-4.1567,1.0864,0.2137,0.713,0.1567,12.0547,1.0081,-4.0552,1.0697
batch1-41,batch1,41,8C(15%)-3.6C,fastcharge,1051.0,True,False,8.0,15.0,3.6,11.9583,4.0139,4.425,8.006,1.1205,11.9719,4.0094,4.4224,32.9858,0.9317,10.5855,0.8022,1.0,3.5353,1.4557,-0.74,-4.2676,1.0822,0.1924,0.5776,0.1018,12.0546,1.0081,-4.0715,1.0662
batch1-42,batch1,42,8C(25%)-3.6C,fastcharge,702.0,True,False,8.0,25.0,3.6,11.0417,4.3472,4.975,8.0027,1.8704,11.0524,4.343,4.9728,32.0695,0.9316,10.5851,0.8024,1.0,3.5337,2.652,-0.39,-5.4453,1.083,0.2892,1.1335,0.2113,11.1385,1.0088,-3.6659,1.0671
batch1-43,batch1,43,8C(25%)-3.6C,fastcharge,651.0,True,False,8.0,25.0,3.6,11.0417,4.3472,4.975,8.0084,1.8701,11.0569,4.3412,4.9724,32.0693,0.9316,11.3354,0.8021,0.9927,3.5346,2.3251,-3.0092,-6.1215,1.071,0.2934,0.8178,0.2175,11.1381,1.0087,-3.6678,1.0523
batch1-44,batch1,44,8C(35%)-3.6C,fastcharge,616.0,True,False,8.0,35.0,3.6,10.125,4.7407,5.525,8.0046,2.6206,10.135,4.736,5.5229,31.1531,0.9318,10.2519,0.8024,1.0,3.5348,3.0974,-4.1583,-6.6467,1.0877,0.3372,1.0393,0.2287,10.2214,1.0095,-3.4207,1.0725
batch1-45,batch1,45,8C(35%)-3.6C,fastcharge,599.0,True,False,8.0,35.0,3.6,10.125,4.7407,5.525,8.0032,2.6207,10.1397,4.7338,5.5225,31.1525,0.9317,10.3352,0.8021,1.0,3.5332,3.3896,-2.0616,-6.7871,1.0869,0.3455,1.1472,0.2429,10.2215,1.0095,-3.4253,1.0709
batch2-00,batch2,0,5.2C(58%)-4C,fastcharge,477.0,True,False,5.2,58.0,4.0,9.9923,4.8037,4.87,5.2067,6.6662,10.007,4.7966,4.8663,42.8545,4.9321,18.3992,0.8027,1.0,3.5537,3.5735,2.3219,-8.176,1.1042,0.4701,0.8011,0.1231,10.1732,1.0181,-3.4873,1.067
batch2-01,batch2,1,5.6C(26%)-4.5C,fastcharge,491.0,True,False,5.6,26.0,4.5,9.9857,4.8069,4.8575,5.6045,2.7228,10.0087,4.7958,4.8503,39.5397,5.0164,23.6702,0.9955,4.2697,3.6,3.027,-1.9075,-11.9257,1.1068,0.462,0.9696,-0.4679,10.1769,1.0191,-3.2981,1.0705
batch2-02,batch2,2,5.2C(50%)-4.25C,fastcharge,424.0,True,False,5.2,50.0,4.25,10.0045,4.7978,4.8438,5.2035,5.7851,10.0082,4.7961,4.8446,43.3446,4.9319,20.6349,0.8029,0.9561,3.5735,4.8249,-0.3582,-14.2303,1.075,0.4598,0.6208,-0.0685,10.1749,1.017,-3.4602,1.0333
batch2-03,batch2,3,4.65C(44%)-5C,fastcharge,499.0,True,False,4.65,44.0,5.0,9.9974,4.8012,4.8075,5.0016,4.2812,10.0057,4.7973,4.8059,43.5952,4.9321,19.5788,0.8034,1.0,3.5817,5.9111,8.138,-13.5308,1.0984,0.4377,0.3569,0.1485,10.1731,1.0176,-3.4962,1.0609
batch2-04,batch2,4,4.65C(69%)-6C,fastcharge,444.0,True,False,4.65,69.0,6.0,10.0032,4.7985,4.8356,5.9934,0.7693,10.0486,4.7768,4.8063,43.3628,4.9328,20.6275,0.8039,1.1181,3.6,5.2955,-6.2247,-17.6797,1.0893,0.4714,0.0402,-0.4998,10.2299,1.0227,-3.2325,1.0506
batch2-05,batch2,5,3.6C(30%)-6C,fastcharge,416.0,True,False,3.6,30.0,6.0,10.0,4.8,5.1,6.0014,4.9989,10.01,4.7952,5.0949,41.7933,4.9319,18.6144,0.8041,1.1353,3.6,2.7635,-18.8283,-35.0944,1.0987,0.5257,1.0054,-0.4137,10.2011,1.0201,-3.0859,1.0628
batch2-06,batch2,6,3.6C(9%)-5C,fastcharge,393.0,True,False,3.6,9.0,5.0,10.02,4.7904,4.8425,4.9998,8.5682,10.0107,4.7949,4.8471,42.864,4.9323,19.4782,0.8034,1.0909,3.5911,0.3997,7.7673,-26.9509,1.0898,0.5339,0.708,-0.1199,10.1794,1.0159,-3.53,1.0496
batch2-07,batch2,7,4.8C(80%)-4.8C-newstructure,newstructure,777.0,True,False,4.8,80.0,4.8,10.0,4.8,4.8,4.8037,9.9933,10.0017,4.7992,4.8003,28.8813,0.1631,9.927,0.8007,0.999,3.5877,3.1635,4.9875,-4.994,1.0912,0.2718,0.3275,-0.0133,10.0356,1.0036,-4.2317,1.0517
batch2-08,batch2,8,5.2C(58%)-4C-newstructure,newstructure,904.0,True,False,5.2,58.0,4.0,9.9923,4.8037,4.87,5.2024,6.6662,10.0063,4.797,4.8665,29.9536,0.1644,11.0884,0.8005,0.9976,3.5564,2.2368,-1.8243,2.1723,1.0915,0.2339,0.2997,-0.0002,10.0398,1.0048,-4.1024,1.0512
batch2-09,batch2,9,5.6C(26%)-4.5C-newstructure,newstructure,791.0,True,False,5.6,26.0,4.5,9.9857,4.8069,4.8575,5.6032,2.7223,10.0082,4.7961,4.849,29.5985,0.1642,10.3202,0.8005,1.0,3.5696,0.854,-2.3803,-0.1131,1.0981,0.2758,0.0173,-0.0422,10.0402,1.0055,-4.3444,1.0589
batch2-10,batch2,10,4.8C(80%)-4.8C,fastcharge,492.0,True,False,4.8,80.0,4.8,10.0,4.8,4.8,4.8026,9.9948,10.0019,4.7991,4.8002,44.7554,4.9322,20.3129,0.8034,1.0856,3.5873,2.8235,5.663,-11.7074,1.1104,0.4682,0.2631,-0.0206,10.1708,1.0171,-3.4509,1.0671
batch2-11,batch2,11,5.2C(50%)-4.25C,fastcharge,449.0,True,False,5.2,50.0,4.25,10.0045,4.7978,4.8438,5.205,5.7851,10.0062,4.797,4.8457,44.7391,4.9322,21.0784,0.8029,0.9991,3.5663,4.8401,10.8049,-6.9329,1.0975,0.4844,0.7281,0.3308,10.1738,1.0169,-3.4854,1.0538
batch2-12,batch2,12,4.65C(44%)-5C,fastcharge,466.0,True,False,4.65,44.0,5.0,9.9974,4.8012,4.8075,5.002,4.2798,10.0066,4.7968,4.8058,41.7213,4.9322,17.6474,0.8034,1.0001,3.5951,2.2517,3.5297,-22.7473,1.103,0.4785,-0.1797,-0.3926,10.1746,1.0177,-3.168,1.0621
batch2-13,batch2,13,4.65C(69%)-6C,fastcharge,460.0,True,False,4.65,69.0,6.0,10.0032,4.7985,4.8356,5.9984,0.9178,10.0366,4.7825,4.8137,43.1363,4.9319,20.114,0.804,1.1217,3.6,3.131,-1.2735,-14.3911,1.0958,0.4692,0.3565,-0.5252,10.213,1.021,-3.3444,1.0543
batch2-14,batch2,14,3.6C(30%)-6C,fastcharge,426.0,True,False,3.6,30.0,6.0,10.0,4.8,5.1,6.0021,4.9435,10.0329,4.7843,5.0788,41.3925,4.9319,19.592,0.804,1.1216,3.6,4.2949,-9.325,-25.1251,1.0841,0.4791,0.0641,-0.4313,10.2387,1.0239,-3.1185,1.0426
batch2-15,batch2,15,3.6C(9%)-5C,fastcharge,396.0,True,False,3.6,9.0,5.0,10.02,4.7904,4.8425,5.002,8.5654,10.0068,4.7968,4.8487,43.3203,4.9321,21.3764,0.8035,1.0276,3.6,3.8417,8.834,-27.5043,1.0705,0.481,0.5457,-0.5567,10.175,1.0155,-3.5163,1.0243
batch2-16,batch2,16,4.8C(80%)-4.8C,fastcharge,472.0,True,False,4.8,80.0,4.8,10.0,4.8,4.8,4.8028,9.9964,10.0043,4.7979,4.7992,44.2229,4.9317,19.8395,0.8034,1.0858,3.5914,4.3363,-1.1013,-16.3856,1.0967,0.4591,1.0483,-0.0845,10.1716,1.0172,-3.4949,1.0658
batch2-17,batch2,17,5.6C(26%)-4.5C,fastcharge,471.0,True,False,5.6,26.0,4.5,9.9857,4.8069,4.8575,5.6059,2.7229,10.0058,4.7972,4.8526,36.1408,5.0164,20.1053,0.9711,4.1361,3.6,2.5066,3.9491,-16.9168,1.0923,0.4508,0.4074,-0.2375,10.1771,1.0192,-3.5003,1.0651
batch2-18,batch2,18,5.2C(50%)-4.25C,fastcharge,449.0,True,False,5.2,50.0,4.25,10.0045,4.7978,4.8438,5.2027,5.7852,10.0073,4.7965,4.8462,39.9658,4.9329,16.5497,0.8029,1.0559,3.5688,3.6385,11.4049,-9.6318,1.0773,0.4395,0.6769,0.1575,10.174,1.0169,-3.7073,1.0475
batch2-19,batch2,19,6C(60%)-3C,fastcharge,392.0,True,False,6.0,60.0,3.0,10.0,4.8,5.25,6.0027,5.9961,10.0071,4.7966,5.2561,41.8343,4.9318,17.681,0.802,1.0283,3.5018,4.0863,3.11,-16.9954,1.0928,0.5429,0.9347,0.2556,10.1746,1.0175,-3.292,1.0622
batch2-20,batch2,20,5.2C(58%)-4C,fastcharge,489.0,True,False,5.2,58.0,4.0,9.9923,4.8037,4.87,5.207,6.6664,10.0075,4.7964,4.8663,40.8817,4.9321,16.7534,0.8026,0.9999,3.5425,3.4148,3.6031,0.5923,1.0989,0.4476,0.2869,0.2829,10.1729,1.0181,-3.4413,1.0593
batch2-21,batch2,21,6C(60%)-3C,fastcharge,408.0,True,False,6.0,60.0,3.0,10.0,4.8,5.25,6.0037,5.9954,10.0105,4.795,5.2494,43.7555,4.9319,19.2061,0.8018,0.9999,3.5033,5.7831,3.7748,-15.5386,1.1003,0.5399,1.3483,0.2262,10.1747,1.0175,-3.3267,1.0692
batch2-24,batch2,24,4.8C(80%)-4.8C,fastcharge,514.0,True,False,4.8,80.0,4.8,10.0,4.8,4.8,4.8035,9.9942,10.0023,4.7989,4.8001,41.889,4.9321,18.0393,0.8033,0.9999,3.5836,5.3777,4.573,-8.1374,1.0944,0.4171,1.481,-0.0227,10.1699,1.017,-3.6409,1.0559
batch2-25,batch2,25,5.2C(58%)-4C,fastcharge,493.0,True,False,5.2,58.0,4.0,9.9923,4.8037,4.87,5.2043,6.6659,10.0047,4.7977,4.8671,40.8953,4.932,16.6648,0.8027,1.0,3.5505,2.4415,4.4078,-2.0112,1.1002,0.4466,0.1518,0.1559,10.173,1.0181,-3.5345,1.0627
batch2-26,batch2,26,5.6C(26%)-4.5C,fastcharge,450.0,True,False,5.6,26.0,4.5,9.9857,4.8069,4.8575,5.6022,2.7225,10.0106,4.7949,4.8481,39.0468,5.0166,23.3503,0.9962,4.2552,3.6,4.6143,-0.7412,-24.8122,1.1056,0.5013,-3.8802,-0.4413,10.1775,1.0192,-3.2221,1.065
batch2-27,batch2,27,5.2C(50%)-4.25C,fastcharge,474.0,True,False,5.2,50.0,4.25,10.0045,4.7978,4.8438,5.2041,5.7856,10.007,4.7967,4.8465,41.9131,4.9321,18.2377,0.8029,1.0644,3.5663,5.2117,8.3791,-4.4674,1.0954,0.4543,0.9039,0.223,10.1746,1.017,-3.4862,1.0541
batch2-28,batch2,28,4.8C(80%)-4.8C,fastcharge,437.0,True,False,4.8,80.0,4.8,10.0,4.8,4.8,4.8011,9.9983,10.006,4.7971,4.7983,42.2025,4.9318,18.7335,0.8034,1.0837,3.5916,4.0811,6.1308,-22.1055,1.0923,0.4858,0.2224,-0.2581,10.1733,1.0173,-3.4234,1.0495
batch2-29,batch2,29,5.2C(58%)-4C,fastcharge,452.0,True,False,5.2,58.0,4.0,9.9923,4.8037,4.87,5.2045,6.6663,10.0056,4.7973,4.867,42.3778,4.9323,18.2379,0.8027,0.9999,3.5529,2.3975,12.0727,-7.6626,1.1036,0.4947,0.1405,0.2111,10.1729,1.0181,-3.5082,1.0629
batch2-30,batch2,30,5.6C(26%)-4.5C,fastcharge,412.0,True,False,5.6,26.0,4.5,9.9857,4.8069,4.8575,5.6025,2.7224,10.0109,4.7948,4.8482,39.9697,5.0165,24.4398,0.9855,4.1297,3.6,4.3725,-7.9829,-20.4337,1.0967,0.526,1.0199,-0.6908,10.1793,1.0194,-3.1854,1.0527
batch2-31,batch2,31,5.6C(26%)-4.5C,fastcharge,425.0,True,False,5.6,26.0,4.5,9.9857,4.8069,4.8575,5.6026,2.723,10.0063,4.797,4.852,38.1203,5.0166,22.4164,0.9927,4.2331,3.6,2.7542,3.7911,-27.6841,1.0991,0.5154,-0.2828,-0.2198,10.1784,1.0193,-3.3524,1.0572
batch2-32,batch2,32,4.8C(80%)-4.8C-newstructure,newstructure,809.0,True,False,4.8,80.0,4.8,10.0,4.8,4.8,4.8,9.9992,10.007,4.7966,4.7979,28.8199,0.1633,9.872,0.8007,1.0162,3.5885,1.4993,-4.4588,-3.3939,1.0898,0.2594,0.0435,-0.0714,10.0409,1.0041,-4.1315,1.0514
batch2-33,batch2,33,5.2C(58%)-4C-newstructure,newstructure,1140.0,True,False,5.2,58.0,4.0,9.9923,4.8037,4.87,5.2066,6.6654,10.0057,4.7973,4.8671,27.0708,0.1632,7.7099,0.8005,0.9992,3.5436,0.9723,-3.645,-3.3238,1.0742,0.1704,0.0144,-0.0272,10.0393,1.0047,-4.2316,1.0567
batch2-34,batch2,34,5.6C(26%)-4.5C-newstructure,newstructure,1186.0,True,False,5.6,26.0,4.5,9.9857,4.8069,4.8575,5.606,2.7224,10.0062,4.797,4.8496,26.6498,0.1635,7.706,0.8006,0.9957,3.5653,2.8554,-2.66,-4.0083,1.0682,0.1587,0.0816,-0.0195,10.0402,1.0055,-4.4486,1.0514
batch2-41,batch2,41,5.6C(26%)-4.5C,fastcharge,442.0,True,False,5.6,26.0,4.5,9.9857,4.8069,4.8575,5.6035,2.7227,10.0076,4.7963,4.8496,39.0598,5.0174,23.1888,1.0034,4.2935,3.6,0.0,2.6072,-20.4765,1.1056,0.5104,-1.2883,,10.1771,1.0192,-3.1724,1.0634
batch2-42,batch2,42,5.2C(50%)-4.25C,fastcharge,474.0,True,False,5.2,50.0,4.25,10.0045,4.7978,4.8438,5.2027,5.7859,10.0078,4.7963,4.8448,43.6228,4.9327,19.6273,0.8029,1.0,3.5647,4.7717,9.5149,-7.3634,1.1037,0.472,0.6171,,10.1752,1.0171,-3.4826,1.0586
batch2-43,batch2,43,4.8C(80%)-4.8C-newstructure,newstructure,1029.0,True,False,4.8,80.0,4.8,10.0,4.8,4.8,4.8027,9.9941,10.0019,4.7991,4.8002,29.0965,0.1632,9.6554,0.8007,1.0175,3.5825,2.6656,-4.9464,1.3411,1.101,0.2147,1.2512,,10.0368,1.0037,-4.2718,1.0601
batch2-44,batch2,44,5.2C(58%)-4C-newstructure,newstructure,841.0,True,False,5.2,58.0,4.0,9.9923,4.8037,4.87,5.2028,6.6659,10.0057,4.7972,4.867,28.8569,0.1632,9.4107,0.8004,0.9992,3.5451,2.9865,-2.0441,1.7655,1.0982,0.2595,0.6756,,10.0403,1.0048,-4.3645,1.0593
batch2-45,batch2,45,5.6C(26%)-4.5C-newstructure,newstructure,997.0,True,False,5.6,26.0,4.5,9.9857,4.8069,4.8575,5.6028,2.7229,10.0071,4.7966,4.8492,28.9821,0.1631,9.2064,0.8005,0.9995,3.5554,2.8424,-5.1108,2.4019,1.1035,0.2241,-0.1103,,10.0404,1.0055,-4.1752,1.0647
batch2-46,batch2,46,4.8C(80%)-4.8C,fastcharge,503.0,True,False,4.8,80.0,4.8,10.0,4.8,4.8,4.8055,9.9945,10.0023,4.7989,4.8,43.4243,4.9319,19.3196,0.8034,1.0857,3.5983,0.9163,2.5427,-12.5383,1.1018,0.4409,0.77,,10.1698,1.017,-3.5089,1.0636
batch3-00,batch3,0,5C(67%)-4C-newstructure,newstructure,1009.0,True,False,5.0,67.0,4.0,9.99,4.8048,4.8375,5.0052,7.9956,10.0084,4.796,4.8322,27.8145,0.2371,8.6211,0.8005,0.9989,3.555,1.1021,-1.434,-3.9911,1.0696,0.1879,0.3197,-0.0327,10.0424,1.0052,-4.2451,1.054
batch3-01,batch3,1,5.3C(54%)-4C-newstructure,newstructure,1063.0,True,False,5.3,54.0,4.0,10.0132,4.7937,4.8775,5.3037,6.1485,10.0069,4.7967,4.8829,27.6244,0.2369,8.5185,0.8005,0.9984,3.5487,2.6238,-2.1914,-4.3631,1.0677,0.1766,0.7461,-0.0037,10.0413,1.0028,-4.2855,1.0517
batch3-02,batch3,2,5.6C(19%)-4.6C-newstructure,newstructure,1267.0,True,False,5.6,19.0,4.6,9.9922,4.8037,4.8375,5.6031,1.9957,10.0092,4.7956,4.8318,27.157,0.2373,8.2288,0.8006,1.0092,3.558,3.6745,-2.5507,-4.2992,1.0624,0.144,1.1861,-0.2244,10.0437,1.0052,-4.7794,1.0474
batch3-03,batch3,3,5.6C(36%)-4.3C-newstructure,newstructure,1115.0,True,False,5.6,36.0,4.3,9.9967,4.8016,4.885,5.6101,3.8418,10.0061,4.7971,4.8836,27.1443,0.237,8.1417,0.8007,1.0097,3.5535,2.696,-1.8311,-3.9698,1.0647,0.1656,0.4124,0.0497,10.0413,1.0045,-4.1166,1.0499
batch3-04,batch3,4,5.6C(19%)-4.6C-newstructure,newstructure,1048.0,True,False,5.6,19.0,4.6,9.9922,4.8037,4.8375,5.6005,1.996,10.0129,4.7938,4.8299,28.7133,0.237,9.2781,0.8005,0.9991,3.5692,0.7646,-1.0284,-4.1666,1.0742,0.1853,0.1682,-0.004,10.0458,1.0054,-4.1785,1.0571
batch3-05,batch3,5,5.6C(36%)-4.3C-newstructure,newstructure,828.0,True,False,5.6,36.0,4.3,9.9967,4.8016,4.885,5.6071,3.8419,10.0081,4.7961,4.8823,27.3206,0.237,9.1337,0.8005,0.9664,3.575,4.0725,-2.0436,-5.6866,1.0534,0.2094,0.6188,-0.1126,10.042,1.0045,-4.1144,1.0356
batch3-06,batch3,6,3.7C(31%)-5.9C-newstructure,newstructure,667.0,True,False,3.7,31.0,5.9,10.0101,4.7952,5.0475,5.8991,5.0104,10.015,4.7928,5.0457,27.4216,0.2372,9.2656,0.8018,1.0254,3.6,1.9353,-20.3085,-21.0242,1.0629,0.2742,0.7672,0.2711,10.078,1.0068,-3.5257,1.0481
batch3-07,batch3,7,4.8C(80%)-4.8C-newstructure,newstructure,1836.0,True,False,4.8,80.0,4.8,10.0,4.8,4.8,4.367,10.9952,11.0035,4.3623,4.3632,30.0503,0.2373,10.0395,0.8006,0.9986,3.5653,1.3383,-1.0574,-2.1449,1.0692,0.1031,0.1238,0.015,11.0387,1.1039,-4.4887,1.0527
batch3-08,batch3,8,5C(67%)-4C-newstructure,newstructure,828.0,True,False,5.0,67.0,4.0,9.99,4.8048,4.8375,5.0027,7.9954,10.0086,4.7959,4.8323,28.5681,0.237,9.6279,0.8005,0.9983,3.556,1.9414,-1.055,-4.1457,1.0671,0.2259,0.4416,-0.0656,10.0431,1.0053,-4.0918,1.0502
batch3-09,batch3,9,5.3C(54%)-4C-newstructure,newstructure,1039.0,True,False,5.3,54.0,4.0,10.0132,4.7937,4.8775,5.3024,6.1483,10.0112,4.7946,4.8818,29.1843,0.2379,9.9995,0.8003,0.9989,3.5519,1.7957,-0.7883,-2.3246,1.072,0.1848,0.3574,0.0398,10.0417,1.0028,-3.9823,1.0547
batch3-10,batch3,10,4.8C(80%)-4.8C-newstructure,newstructure,1078.0,True,False,4.8,80.0,4.8,10.0,4.8,4.8,4.366,11.0119,11.0031,4.3624,4.3633,28.8569,0.237,9.0298,0.8018,1.0093,3.5751,1.9085,-0.8033,-3.4007,1.0638,0.1705,0.3342,-0.034,11.0381,1.1038,-4.4114,1.0474
batch3-11,batch3,11,5.6C(19%)-4.6C-newstructure,newstructure,817.0,True,False,5.6,19.0,4.6,9.9922,4.8037,4.8375,5.6038,1.995,10.0082,4.7961,4.8332,28.7965,0.237,9.696,0.8006,1.0147,3.582,3.189,-2.3456,-5.1301,1.0696,0.2321,0.8127,-0.0034,10.0427,1.0051,-3.8849,1.0527
batch3-12,batch3,12,5.6C(36%)-4.3C-newstructure,newstructure,932.0,True,False,5.6,36.0,4.3,9.9967,4.8016,4.885,5.6028,3.8422,10.0094,4.7955,4.8817,29.1541,0.2368,9.6317,0.8005,0.9989,3.5678,1.7845,-1.3931,-2.6434,1.0759,0.2102,0.5324,0.0235,10.0424,1.0046,-3.9468,1.0597
batch3-13,batch3,13,5.6C(19%)-4.6C-newstructure,newstructure,816.0,True,False,5.6,19.0,4.6,9.9922,4.8037,4.8375,5.6027,1.9953,10.0104,4.795,4.8312,28.8309,0.237,9.8832,0.8005,0.9977,3.5808,3.0699,-2.16,-5.362,1.0681,0.2305,0.8136,-0.0865,10.0423,1.005,-4.0945,1.0496
batch3-14,batch3,14,5.6C(36%)-4.3C-newstructure,newstructure,858.0,True,False,5.6,36.0,4.3,9.9967,4.8016,4.885,5.6036,3.8416,10.0064,4.7969,4.885,29.1948,0.2368,9.9279,0.8006,1.0131,3.5659,1.8647,-0.5121,-3.575,1.0754,0.2278,0.5262,-0.0068,10.0419,1.0045,-3.9997,1.0589
batch3-15,batch3,15,5.9C(15%)-4.6C-newstructure,newstructure,876.0,True,False,5.9,15.0,4.6,10.0037,4.7982,4.8438,5.9069,1.5343,10.0068,4.7967,4.8451,28.983,0.2369,9.8791,0.8006,0.9989,3.5822,2.8652,-1.6445,-4.4342,1.0703,0.2172,0.8095,-0.0281,10.0417,1.0038,-4.0007,1.0522
batch3-16,batch3,16,4.8C(80%)-4.8C-newstructure,newstructure,1638.0,True,False,4.8,80.0,4.8,10.0,4.8,4.8,4.3652,10.9969,11.0049,4.3617,4.3627,28.0179,0.2368,8.087,0.8006,1.0079,3.5682,1.587,-1.6756,-3.3015,1.0631,0.1118,0.4197,-0.0603,11.0402,1.104,-4.6945,1.048
batch3-17,batch3,17,5.3C(54%)-4C-newstructure,newstructure,1315.0,True,False,5.3,54.0,4.0,10.0132,4.7937,4.8775,5.3063,6.1484,10.0078,4.7963,4.8827,27.0502,0.237,7.8709,0.8005,0.9989,3.5417,1.836,-1.6485,-3.8354,1.0686,0.1434,0.9559,-0.0806,10.0425,1.0029,-4.4397,1.0531
batch3-18,batch3,18,5.6C(19%)-4.6C-newstructure,newstructure,1146.0,True,False,5.6,19.0,4.6,9.9922,4.8037,4.8375,5.6023,1.9951,10.0099,4.7952,4.8313,27.7169,0.2369,8.4633,0.8004,0.9989,3.5698,2.3108,-3.314,-4.4164,1.0696,0.1655,0.6502,-0.0011,10.0431,1.0051,-4.2541,1.0533
batch3-19,batch3,19,5.6C(36%)-4.3C-newstructure,newstructure,1155.0,True,False,5.6,36.0,4.3,9.9967,4.8016,4.885,5.6022,3.8422,10.0111,4.7947,4.8815,27.9664,0.237,8.5586,0.8004,0.999,3.559,1.944,-3.3796,-4.3324,1.0736,0.1676,0.6954,0.011,10.0433,1.0047,-4.1719,1.0574
batch3-20,batch3,20,5C(67%)-4C-newstructure,newstructure,813.0,True,False,5.0,67.0,4.0,9.99,4.8048,4.8375,5.0078,7.9957,10.009,4.7957,4.8319,28.3051,0.2372,9.2788,0.8005,0.9979,3.5525,2.4878,-1.39,-4.1,1.067,0.23,0.4842,0.0215,10.0432,1.0053,-4.0663,1.0498
batch3-21,batch3,21,3.7C(31%)-5.9C-newstructure,newstructure,772.0,True,False,3.7,31.0,5.9,10.0101,4.7952,5.0475,5.902,5.0165,10.0191,4.7909,5.0425,27.4793,0.2372,9.1685,0.8019,1.0311,3.6,2.6554,-16.5147,-15.0756,1.0685,0.2441,0.3842,0.1921,10.076,1.0066,-3.7043,1.0537
batch3-22,batch3,22,5.9C(60%)-3.1C-newstructure,newstructure,1002.0,True,False,5.9,60.0,3.1,9.9727,4.8132,5.2,5.9026,6.0668,10.0116,4.7945,5.1887,27.0454,0.2371,8.4476,0.8002,0.9787,3.5123,2.5549,-2.2452,-3.2922,1.0582,0.1779,0.5567,-0.0823,10.0429,1.007,-4.0468,1.0418
batch3-23,batch3,23,4.8C(80%)-4.8C-newstructure,newstructure,,False,False,4.8,80.0,4.8,10.0,4.8,4.8,4.3662,10.9968,11.0032,4.3624,4.3634,29.3635,0.2373,9.1831,0.8006,1.013,3.5708,1.7187,-0.6319,-2.8221,1.0681,,0.3236,-0.0279,11.0378,1.1038,-4.5438,1.0512
batch3-24,batch3,24,5C(67%)-4C-newstructure,newstructure,825.0,True,False,5.0,67.0,4.0,9.99,4.8048,4.8375,5.0043,7.9941,10.0074,4.7965,4.8329,26.8165,0.2371,8.6412,0.8005,0.9628,3.5639,2.4591,0.2862,-4.3012,1.0491,0.205,0.6439,-0.0778,10.0419,1.0052,-4.1553,1.0326
batch3-25,batch3,25,5.3C(54%)-4C-newstructure,newstructure,989.0,True,False,5.3,54.0,4.0,10.0132,4.7937,4.8775,5.3022,6.1483,10.0079,4.7962,4.8824,27.4743,0.2371,8.5379,0.8005,0.9959,3.5497,2.7477,-0.1394,-3.5025,1.0636,0.1856,0.8055,0.0368,10.0424,1.0029,-4.1466,1.0476
batch3-26,batch3,26,5.6C(19%)-4.6C-newstructure,newstructure,1028.0,True,False,5.6,19.0,4.6,9.9922,4.8037,4.8375,5.6043,1.9953,10.0087,4.7958,4.832,28.4936,0.2374,9.0681,0.8006,0.9989,3.568,3.236,-0.7683,-3.7725,1.0743,0.189,0.6605,0.0214,10.0423,1.005,-4.2195,1.0584
batch3-27,batch3,27,5.6C(36%)-4.3C-newstructure,newstructure,850.0,True,False,5.6,36.0,4.3,9.9967,4.8016,4.885,5.6013,3.8425,10.0128,4.7939,4.8805,27.7664,0.237,8.907,0.8003,0.9944,3.5637,2.4785,-1.2005,-4.5839,1.063,0.2153,0.7047,0.0042,10.045,1.0048,-4.1301,1.0466
batch3-28,batch3,28,3.7C(31%)-5.9C-newstructure,newstructure,541.0,True,False,3.7,31.0,5.9,10.0101,4.7952,5.0475,5.9018,5.0105,10.0101,4.7951,5.0479,27.4959,0.2369,10.0846,0.802,1.0087,3.6,3.9301,-20.1268,-22.9604,1.0526,0.319,0.2067,0.3893,10.0836,1.0073,-3.4517,1.0356
batch3-29,batch3,29,5.9C(15%)-4.6C-newstructure,newstructure,858.0,True,False,5.9,15.0,4.6,10.0037,4.7982,4.8438,5.9039,1.5339,10.009,4.7957,4.8442,28.8061,0.2368,9.7944,0.8005,0.998,3.5787,0.4641,-0.5351,-4.9712,1.0691,0.2204,0.1378,-0.1119,10.0416,1.0038,-4.0636,1.0506
batch3-30,batch3,30,5.3C(54%)-4C-newstructure,newstructure,935.0,True,False,5.3,54.0,4.0,10.0132,4.7937,4.8775,5.303,6.1491,10.0093,4.7955,4.8821,28.3243,0.2372,9.1407,0.8005,0.9989,3.5513,1.4504,-1.12,-3.8324,1.071,0.2043,0.1898,0.0003,10.0436,1.003,-4.1002,1.0551
batch3-31,batch3,31,5.9C(60%)-3.1C-newstructure,newstructure,731.0,True,False,5.9,60.0,3.1,9.9727,4.8132,5.2,5.9007,6.0684,10.0077,4.7963,5.1914,28.4598,0.2379,9.2714,0.8006,1.0052,3.5075,2.772,-1.7707,-4.2784,1.0703,0.2603,0.384,0.0682,10.0459,1.0073,-3.8396,1.0534
batch3-32,batch3,32,4.8C(80%)-4.8C-newstructure,newstructure,,False,False,4.8,80.0,4.8,10.0,4.8,4.8,4.3677,10.996,11.0045,4.3618,4.3628,28.7127,0.2372,8.1161,0.8006,0.9988,3.5595,1.7195,-1.47,-2.9767,1.0745,,0.6554,-0.147,11.0385,1.1038,-4.6734,1.0595
batch3-33,batch3,33,5C(67%)-4C-newstructure,newstructure,1284.0,True,False,5.0,67.0,4.0,9.99,4.8048,4.8375,5.0051,7.9957,10.0095,4.7955,4.8318,26.9216,0.2375,8.0802,0.8004,0.9832,3.5513,0.8584,-1.8338,-3.7575,1.0621,0.1418,0.3029,-0.0751,10.0433,1.0053,-4.3959,1.0464
batch3-34,batch3,34,5.3C(54%)-4C-newstructure,newstructure,1158.0,True,False,5.3,54.0,4.0,10.0132,4.7937,4.8775,5.302,6.1493,10.0119,4.7943,4.8812,27.2317,0.237,8.3934,0.8003,0.9881,3.5508,2.0379,-2.7582,-4.198,1.0636,0.1585,0.7678,-0.0184,10.0439,1.0031,-4.3057,1.0469
batch3-35,batch3,35,5.6C(19%)-4.6C-newstructure,newstructure,1093.0,True,False,5.6,19.0,4.6,9.9922,4.8037,4.8375,5.605,1.9959,10.0094,4.7955,4.8314,27.4535,0.238,8.4479,0.8005,0.991,3.5753,2.5039,-2.4432,-3.9067,1.0647,0.169,0.7154,-0.0328,10.0436,1.0051,-4.2349,1.0487
batch3-36,batch3,36,5.6C(36%)-4.3C-newstructure,newstructure,923.0,True,False,5.6,36.0,4.3,9.9967,4.8016,4.885,5.6032,3.8425,10.0094,4.7955,4.8838,27.122,0.2372,8.5168,0.8006,0.9769,3.5659,2.2411,-3.0463,-4.8289,1.0593,0.1943,0.746,-0.039,10.0435,1.0047,-4.2535,1.0431
batch3-37,batch3,37,4.8C(80%)-4.8C-newstructure,newstructure,1390.0,True,False,4.8,80.0,4.8,10.0,4.8,4.8,4.3711,10.9956,11.0037,4.3622,4.3631,27.4549,0.2381,8.3623,0.8006,0.9249,3.5713,1.4027,-1.3719,-4.0661,1.0485,0.1212,0.3553,-0.0396,11.0384,1.1038,-5.0989,1.0324
batch3-38,batch3,38,5C(67%)-4C-newstructure,newstructure,1935.0,True,False,5.0,67.0,4.0,9.99,4.8048,4.8375,5.0023,7.9956,10.0126,4.794,4.8313,27.6866,0.238,8.3326,0.8002,0.9988,3.551,2.2484,-1.3825,-2.7609,1.0718,0.0991,0.7744,-0.0634,10.0435,1.0054,-4.3421,1.0561
batch3-39,batch3,39,5.3C(54%)-4C-newstructure,newstructure,1156.0,True,False,5.3,54.0,4.0,10.0132,4.7937,4.8775,5.3025,6.1495,10.0109,4.7948,4.8814,26.0734,0.2374,7.9704,0.8004,0.923,3.5637,1.2516,-1.7287,-3.8201,1.0495,0.1466,0.4561,-0.028,10.0435,1.003,-4.4546,1.0338
batch3-40,batch3,40,5.6C(19%)-4.6C-newstructure,newstructure,796.0,True,False,5.6,19.0,4.6,9.9922,4.8037,4.8375,5.6042,1.9956,10.0091,4.7956,4.8328,28.7635,0.2384,10.1505,0.8006,1.001,3.5841,3.558,-1.9054,-5.0807,1.0622,0.2288,0.9988,-0.1688,10.0435,1.0051,-4.2951,1.0434
batch3-41,batch3,41,5.6C(36%)-4.3C-newstructure,newstructure,786.0,True,False,5.6,36.0,4.3,9.9967,4.8016,4.885,5.6035,3.8423,10.0105,4.7949,4.8814,26.7332,0.2376,8.3786,0.8005,0.9803,3.5827,3.0106,0.1068,-3.6351,1.053,0.2201,0.6384,-0.078,10.0431,1.0046,-4.2195,1.0393
batch3-42,batch3,42,4.8C(80%)-4.8C-newstructure,newstructure,1642.0,True,False,4.8,80.0,4.8,10.0,4.8,4.8,4.3658,10.9952,11.0034,4.3623,4.3632,29.8739,0.237,9.7719,0.8006,1.0131,3.573,1.9683,-0.4499,-2.8285,1.0688,0.115,1.426,-0.4668,11.0383,1.1038,-4.3462,1.0512
batch3-43,batch3,43,5C(67%)-4C-newstructure,newstructure,1046.0,True,False,5.0,67.0,4.0,9.99,4.8048,4.8375,5.0136,7.9955,10.0104,4.795,4.8316,28.6915,0.2369,9.411,0.8004,0.999,3.5502,3.5604,-0.221,-3.0405,1.0722,0.1837,1.7982,-0.1812,10.0436,1.0054,-4.3167,1.0552
batch3-44,batch3,44,5.3C(54%)-4C-newstructure,newstructure,940.0,True,False,5.3,54.0,4.0,10.0132,4.7937,4.8775,5.3036,6.1495,10.0104,4.795,4.8812,28.6703,0.2369,9.3913,0.8005,0.9988,3.5527,2.4441,-0.5714,-2.6945,1.0721,0.2043,0.6356,-0.004,10.0434,1.003,-4.1315,1.0555
batch3-45,batch3,45,4.8C(80%)-4.8C-newstructure,newstructure,1801.0,True,False,4.8,80.0,4.8,10.0,4.8,4.8,4.3678,10.9954,11.0036,4.3622,4.3632,29.6176,0.2371,9.3545,0.8006,0.999,3.569,1.166,-0.4444,-2.6721,1.071,0.106,0.3208,-0.0214,11.038,1.1038,-4.5209,1.0541
