batch,cell_key,idx,policy,group,cycle_life,labeled,censored,dQ_logvar,Qcc_init,Qcc_init_8_12,cc_breakin,QD_2,QD_init_2_6,cv_dis_mAh,I_qw80,dT_chg
batch1,batch1-00,0,3.6C(80%)-3.6C,fastcharge,1190.0,False,True,-5.014860933855933,1.056240797042847,1.0587667226791382,4.902243614196777,1.0706892,1.0725095,15.914214790344161,3.5995,1.5681
batch1,batch1-01,1,3.6C(80%)-3.6C,fastcharge,1179.0,False,True,-5.013959851211789,1.0634677410125732,1.0658708810806274,4.4040679931640625,1.0753012,1.0772982,13.830458987426741,3.5995,1.1285
batch1,batch1-02,2,3.6C(80%)-3.6C,fastcharge,1177.0,False,True,-4.736999716003859,1.0667178630828855,1.0684839487075806,3.375411033630371,1.0799223,1.082234,15.342427035522466,3.5995,1.2547
batch1,batch1-03,3,4C(80%)-4C,fastcharge,1226.0,False,True,-4.442613439893365,1.0662492513656616,1.0682770013809204,3.139495849609375,1.0797229,1.0819938,15.639468098449738,3.9994,0.652
batch1,batch1-04,4,4C(80%)-4C,fastcharge,1227.0,False,True,-4.647743915712219,1.0647001266479492,1.0663403272628784,2.7320384979248047,1.0784167,1.0797466,15.191084234619234,3.9994,1.4934
batch1,batch1-05,5,4.4C(80%)-4.4C,fastcharge,1074.0,True,False,-4.178878029021015,1.061628341674805,1.063464641571045,1.974344253540039,1.0761266,1.0775996,16.502232568359474,4.3993,2.0838
batch1,batch1-06,6,4.8C(80%)-4.8C,fastcharge,636.0,True,False,-3.7688778899311246,1.0632201433181765,1.0655474662780762,3.101944923400879,1.0758358,1.0784051,15.184956681823625,4.7991,3.1793
batch1,batch1-07,7,4.8C(80%)-4.8C,fastcharge,870.0,True,False,-3.8134861418999058,1.0808337926864624,1.0822949409484863,1.2913942337036133,1.0938644,1.0959545,15.28050715942375,4.7991,2.7586
batch1,batch1-08,8,5.4C(40%)-3.6C,fastcharge,879.0,False,True,-4.001194634737026,1.0775980949401855,1.0789860486984253,1.9017457962036133,1.0899748,1.0920961,14.498005059814467,4.4979,0.9826
batch1,batch1-09,9,5.4C(40%)-3.6C,fastcharge,1054.0,True,False,-4.059383672291563,1.0685827732086182,1.0712635517120361,3.572821617126465,1.0829742,1.0842299,15.647126791381805,4.4979,1.6812
batch1,batch1-10,10,5.4C(50%)-3C,fastcharge,906.0,False,True,-4.02257320456269,1.0600961446762085,1.0628501176834106,5.574703216552734,1.0752757,1.076798,16.45635775146492,4.4988,2.3038
batch1,batch1-11,11,5.4C(50%)-3C,fastcharge,788.0,True,False,-4.146896588568449,1.0362597703933716,1.0385116338729858,4.894614219665527,1.0537786,1.0558786,19.239138864135754,4.4987,2.2508
batch1,batch1-12,12,5.4C(50%)-3.6C,fastcharge,902.0,False,True,-4.125190621637704,1.0646047592163086,1.0664255619049072,2.45821475982666,1.077566,1.0793798,14.780485986328085,4.7231,2.6248
batch1,batch1-13,13,5.4C(50%)-3.6C,fastcharge,897.0,False,True,-4.048006479229763,1.0674326419830322,1.0692108869552612,2.12252140045166,1.0797893,1.081895,14.462358016967825,4.7231,1.5909
batch1,batch1-14,14,5.4C(60%)-3C,fastcharge,880.0,True,False,-4.046069788008708,1.05595862865448,1.0588343143463135,3.475069999694824,1.0709661,1.0724825,16.523871345520025,4.7988,3.2276
batch1,batch1-15,15,5.4C(60%)-3C,fastcharge,719.0,True,False,-4.01794908327491,1.0468037128448486,1.0497472286224365,4.404187202453613,1.0611236,1.0637267,16.924636996459963,4.7986,3.3377
batch1,batch1-16,16,5.4C(60%)-3.6C,fastcharge,862.0,True,False,-4.099413751189743,1.067914605140686,1.0702738761901855,2.315759658813477,1.0811664,1.0833585,15.443894859313856,4.9482,2.8452
batch1,batch1-17,17,5.4C(60%)-3.6C,fastcharge,857.0,True,False,-3.970159555107436,1.058113694190979,1.0599040985107422,3.792881965637207,1.072052,1.073923,15.82541591644282,4.9483,2.8066
batch1,batch1-18,18,5.4C(70%)-3C,fastcharge,691.0,True,False,-3.65008051982041,1.0497361421585083,1.0516304969787598,2.3581981658935547,1.0661705,1.0674137,17.595854412841838,5.1092,2.9332
batch1,batch1-19,19,5.4C(70%)-3C,fastcharge,788.0,True,False,-3.6199068941529986,1.0715488195419312,1.0728633403778076,1.6443729400634766,1.0851147,1.0869932,15.46950202789299,5.0988,3.5409
batch1,batch1-20,20,5.4C(80%)-5.4C,fastcharge,534.0,True,False,-3.36723741371939,1.0576164722442627,1.0590193271636963,1.360774040222168,1.07263,1.0744811,16.794872169494603,5.3955,2.7342
batch1,batch1-21,21,5.4C(80%)-5.4C,fastcharge,559.0,True,False,-3.350338008121214,1.0689984560012815,1.0702012777328491,0.9497404098510742,1.0824388,1.0844665,15.58997666625972,5.3994,4.3592
batch1,batch1-22,22,6C(30%)-3.6C,fastcharge,891.0,False,True,-3.9521687939572367,1.0659632682800293,1.067405343055725,1.7424821853637695,1.0793039,1.0813867,15.423431719970626,4.498,1.6726
batch1,batch1-23,23,6C(30%)-3.6C,fastcharge,1014.0,True,False,-4.040793513669289,1.0665109157562256,1.0676891803741455,1.474618911743164,1.0792934,1.0813111,14.800184243774384,4.4977,1.2217
batch1,batch1-24,24,6C(40%)-3C,fastcharge,1017.0,True,False,-3.938662548127028,1.060626745223999,1.062135100364685,1.9098520278930664,1.0745355,1.0761921,15.565354776001072,4.4988,2.1464
batch1,batch1-25,25,6C(40%)-3C,fastcharge,854.0,True,False,-4.027888941215721,1.062522292137146,1.0642220973968506,2.448439598083496,1.0752345,1.0766819,14.139143058776948,4.4985,2.6728
batch1,batch1-26,26,6C(40%)-3.6C,fastcharge,870.0,True,False,-3.795220069297897,1.0748670101165771,1.076230525970459,1.4919042587280271,1.0876514,1.0895739,14.643081809997627,4.7984,1.9382
batch1,batch1-27,27,6C(40%)-3.6C,fastcharge,842.0,True,False,-3.8537032100693622,1.0653657913208008,1.0666455030441284,1.3997554779052734,1.0790461,1.0807079,15.342108679199162,4.7981,2.2537
batch1,batch1-28,28,6C(50%)-3C,fastcharge,860.0,True,False,-3.844711825610812,1.0649296045303345,1.0661574602127075,1.2278556823730469,1.0777475,1.0796903,14.668106765747035,4.8736,3.0931
batch1,batch1-29,29,6C(50%)-3C,fastcharge,917.0,True,False,-3.838281730323884,1.0665844678878784,1.067959189414978,1.381993293762207,1.0794537,1.0812927,14.707808898925867,4.8737,2.165
batch1,batch1-30,30,6C(50%)-3.6C,fastcharge,709.0,True,False,-3.74469919664636,1.0664541721343994,1.0676265954971313,1.2890100479125977,1.0798637,1.0818657,15.449393383789145,5.0984,2.6335
batch1,batch1-31,31,6C(50%)-3.6C,fastcharge,876.0,True,False,-3.777732565334766,1.0833351612091064,1.084549903869629,1.238107681274414,1.0946392,1.0967276,13.392438790893468,5.098,0.2117
batch1,batch1-32,32,6C(60%)-3C,fastcharge,731.0,True,False,-3.646463485791867,1.0641895532608032,1.065301537513733,1.3093948364257812,1.0778366,1.0795897,15.400146739196874,5.2487,3.1611
batch1,batch1-33,33,6C(60%)-3C,fastcharge,757.0,True,False,-3.667057643731551,1.0802935361862185,1.0815931558609009,1.3483762741088867,1.0924908,1.0946157,14.322163813781819,5.2488,3.9907
batch1,batch1-34,34,7C(30%)-3.6C,fastcharge,742.0,True,False,-3.8486161550950544,1.0608339309692385,1.06239652633667,1.8000602722167969,1.0766174,1.0782866,17.292039337158283,4.8728,1.9402
batch1,batch1-35,35,7C(30%)-3.6C,fastcharge,703.0,True,False,-3.7726059654041446,1.0586585998535156,1.0600721836090088,1.478433609008789,1.0707464,1.0727253,14.239091394042891,4.8727,1.696
batch1,batch1-36,36,7C(40%)-3C,fastcharge,704.0,True,False,-3.669501343103572,1.0654820203781128,1.0670298337936401,1.4815330505371094,1.0778315,1.0799077,14.425679621887122,4.9984,1.5015
batch1,batch1-37,37,7C(40%)-3C,fastcharge,648.0,True,False,-3.673938950336875,1.060362458229065,1.0622475147247314,1.9876956939697263,1.0748194,1.0766596,16.155672010803144,4.9984,2.4914
batch1,batch1-38,38,7C(40%)-3.6C,fastcharge,617.0,True,False,-3.433048187522247,1.0584877729415894,1.0601351261138916,1.603245735168457,1.0729513,1.0743377,15.812709027099636,5.2974,3.1909
batch1,batch1-39,39,7C(40%)-3.6C,fastcharge,625.0,True,False,-3.5045337063467077,1.0689482688903809,1.0705841779708862,1.6061067581176758,1.0817773,1.0838681,14.91983110961903,5.2983,3.4555
batch1,batch1-40,40,8C(15%)-3.6C,fastcharge,966.0,True,False,-4.055212800838332,1.0697333812713623,1.0712978839874268,1.713275909423828,1.0833029,1.0854201,15.651305110168545,4.4221,1.7002
batch1,batch1-41,41,8C(15%)-3.6C,fastcharge,1051.0,True,False,-4.071514001487413,1.0661919116973877,1.0675702095031738,1.469731330871582,1.0789614,1.0810505,14.952164117431721,4.4224,1.4557
batch1,batch1-42,42,8C(25%)-3.6C,fastcharge,702.0,True,False,-3.6658558290545145,1.067099690437317,1.0685797929763794,1.3747215270996094,1.0798725,1.0821602,14.92639972534171,4.9728,2.652
batch1,batch1-43,43,8C(25%)-3.6C,fastcharge,651.0,True,False,-3.6677791447400714,1.0523171424865725,1.053441047668457,1.1239051818847656,1.0682389,1.0701088,17.70689970855721,4.9724,2.3251
batch1,batch1-44,44,8C(35%)-3.6C,fastcharge,616.0,True,False,-3.420700024927221,1.0725276470184326,1.0734537839889526,0.7746219635009766,1.0847682,1.0867941,14.266452981567479,5.5229,3.0974
batch1,batch1-45,45,8C(35%)-3.6C,fastcharge,599.0,True,False,-3.425292229363906,1.0708520412445068,1.0720016956329346,1.1496543884277344,1.0839558,1.0860058,15.065347615051294,5.5225,3.3896
batch2,batch2-00,0,5.2C(58%)-4C,fastcharge,477.0,True,False,-3.487264800861175,1.066985845565796,1.0677158832550049,0.8111000061035156,1.1020051,1.1039258,36.747131575012304,4.8663,3.5735
batch2,batch2-01,1,5.6C(26%)-4.5C,fastcharge,491.0,True,False,-3.298051395716436,1.0705206394195557,1.0703790187835693,0.0666975975036621,1.1057826,1.1061165,35.72365815887446,4.8503,3.027
batch2,batch2-02,2,5.2C(50%)-4.25C,fastcharge,424.0,True,False,-3.4602484070785873,1.0333309173583984,1.0345243215560913,1.9550323486328125,1.0753863,1.0748364,41.546609846496494,4.8446,4.8249
batch2,batch2-03,3,4.65C(44%)-5C,fastcharge,499.0,True,False,-3.4962430024430216,1.0609220266342163,1.061822533607483,5.095481872558594,1.0959566,1.0979534,36.80720316925057,4.8059,5.9111
batch2,batch2-04,4,4.65C(69%)-6C,fastcharge,444.0,True,False,-3.2325068379275077,1.0505932569503784,1.0499529838562012,0.0,1.0899745,1.0895668,38.97354304962164,4.8063,5.2955
batch2,batch2-05,5,3.6C(30%)-6C,fastcharge,416.0,True,False,-3.0858817115082053,1.0628318786621094,1.060389518737793,0.0,1.0989141,1.0988965,35.52181846771241,5.0949,2.7635
batch2,batch2-06,6,3.6C(9%)-5C,fastcharge,393.0,True,False,-3.530039629028666,1.0496251583099363,1.0506964921951294,4.464149475097656,1.0885617,1.088747,38.93654169006355,4.8471,0.3997
batch2,batch2-07,7,4.8C(80%)-4.8C-newstructure,newstructure,777.0,True,False,-4.231670005219284,1.0517045259475708,1.0526421070098877,3.0660629272460938,1.0904776,1.0912503,39.37700738372807,4.8003,3.1635
batch2,batch2-08,8,5.2C(58%)-4C-newstructure,newstructure,904.0,True,False,-4.10242252476951,1.0512365102767944,1.0519866943359375,1.1850595474243164,1.0906329,1.0906397,39.94848972320564,4.8665,2.2368
batch2,batch2-09,9,5.6C(26%)-4.5C-newstructure,newstructure,791.0,True,False,-4.344425558301067,1.0589382648468018,1.0592774152755737,0.7458925247192383,1.0949715,1.0973413,38.782244470214835,4.849,0.854
batch2,batch2-10,10,4.8C(80%)-4.8C,fastcharge,492.0,True,False,-3.450900085127797,1.0670971870422363,1.0676991939544678,0.5776882171630859,1.1092782,1.1100956,43.17664459686288,4.8002,2.8235
batch2,batch2-11,11,5.2C(50%)-4.25C,fastcharge,449.0,True,False,-3.485393145091073,1.053774356842041,1.0540008544921875,0.2264976501464843,1.0959171,1.0971565,43.24654315795895,4.8457,4.8401
batch2,batch2-12,12,4.65C(44%)-5C,fastcharge,466.0,True,False,-3.1679683593211068,1.0620806217193604,1.0618414878845215,0.0908374786376953,1.1016457,1.1027371,40.777714128112706,4.8058,2.2517
batch2,batch2-13,13,4.65C(69%)-6C,fastcharge,460.0,True,False,-3.344447743249342,1.0542941093444824,1.0531949996948242,0.0,1.0954365,1.0958209,41.47479065551751,4.8137,3.131
batch2,batch2-14,14,3.6C(30%)-6C,fastcharge,426.0,True,False,-3.1185199512359087,1.0425642728805542,1.0410734415054321,0.0,1.0844886,1.0844886,42.12511508789052,5.0788,4.2949
batch2,batch2-15,15,3.6C(9%)-5C,fastcharge,396.0,True,False,-3.5162518847554045,1.0242866277694702,1.02422034740448,2.2096633911132812,1.0697494,1.0697494,45.52452264251716,4.8487,3.8417
batch2,batch2-16,16,4.8C(80%)-4.8C,fastcharge,472.0,True,False,-3.494880980457803,1.0657747983932495,1.0663001537322998,0.4868507385253906,1.0945363,1.0965325,30.32282611846915,4.7992,4.3363
batch2,batch2-17,17,5.6C(26%)-4.5C,fastcharge,471.0,True,False,-3.500344053281176,1.0650690793991089,1.0650641918182373,0.0268816947937011,1.0917177,1.0920639,27.347441679382413,4.8526,2.5066
batch2,batch2-18,18,5.2C(50%)-4.25C,fastcharge,449.0,True,False,-3.7073027131799288,1.0474909543991089,1.0481865406036377,5.838751792907715,1.0756292,1.0767643,29.311254154968267,4.8462,3.6385
batch2,batch2-19,19,6C(60%)-3C,fastcharge,392.0,True,False,-3.2919580156871544,1.06219220161438,1.0621814727783203,0.0356435775756835,1.0902406,1.0921835,29.674440093994114,5.2561,4.0863
batch2,batch2-20,20,5.2C(58%)-4C,fastcharge,489.0,True,False,-3.441305437799151,1.0592912435531616,1.0601781606674194,1.1785030364990234,1.0977259,1.0981072,38.86506017913827,4.8663,3.4148
batch2,batch2-21,21,6C(60%)-3C,fastcharge,408.0,True,False,-3.3266790554359287,1.069184422492981,1.0693191289901733,0.1347064971923828,1.0985936,1.099995,30.810577507019097,5.2494,5.7831
batch2,batch2-24,24,4.8C(80%)-4.8C,fastcharge,514.0,True,False,-3.640885257946384,1.055884838104248,1.0560908317565918,0.2249479293823242,1.0923017,1.0940183,38.13346189575206,4.8001,5.3777
batch2,batch2-25,25,5.2C(58%)-4C,fastcharge,493.0,True,False,-3.5344779661092542,1.0627353191375732,1.0632333755493164,0.4212856292724609,1.098838,1.0995392,36.915222338867125,4.8671,2.4415
batch2,batch2-26,26,5.6C(26%)-4.5C,fastcharge,450.0,True,False,-3.2220536088944023,1.0649644136428833,1.0639430284500122,0.0,1.1043522,1.1056468,40.57021041564934,4.8481,4.6143
batch2,batch2-27,27,5.2C(50%)-4.25C,fastcharge,474.0,True,False,-3.48620357805416,1.0540752410888672,1.0548229217529297,0.765681266784668,1.0925682,1.0945592,40.18745891113284,4.8465,5.2117
batch2,batch2-28,28,4.8C(80%)-4.8C,fastcharge,437.0,True,False,-3.42341113317123,1.0494762659072876,1.0496816635131836,0.1293420791625976,1.0904486,1.0904486,41.25700587615966,4.7983,4.0811
batch2,batch2-29,29,5.2C(58%)-4C,fastcharge,452.0,True,False,-3.5082481885471055,1.0628777742385864,1.0630443096160889,0.1665353775024414,1.1032062,1.1030062,40.57447373504641,4.867,2.3975
batch2,batch2-30,30,5.6C(26%)-4.5C,fastcharge,412.0,True,False,-3.18540955633614,1.0527151823043823,1.0521446466445923,0.0,1.0946374,1.0950533,42.90679494171145,4.8482,4.3725
batch2,batch2-31,31,5.6C(26%)-4.5C,fastcharge,425.0,True,False,-3.3523588458514006,1.057179570198059,1.0560197830200195,0.0,1.0990092,1.0990092,41.82962980194094,4.852,2.7542
batch2,batch2-32,32,4.8C(80%)-4.8C-newstructure,newstructure,809.0,True,False,-4.131466116298021,1.0513769388198853,1.0526232719421387,1.4047622680664062,1.0881557,1.0897303,38.08744076080317,4.7979,1.4993
batch2,batch2-33,33,5.2C(58%)-4C-newstructure,newstructure,1140.0,True,False,-4.231628419415403,1.0566966533660889,1.0571880340576172,0.4689693450927734,1.0732747,1.0738243,17.172907640075728,4.8671,0.9723
batch2,batch2-34,34,5.6C(26%)-4.5C-newstructure,newstructure,1186.0,True,False,-4.448585160038663,1.0513824224472046,1.0521862506866455,1.0302066802978516,1.0671737,1.0676959,16.31347755279533,4.8496,2.8554
batch2,batch2-41,41,5.6C(26%)-4.5C,fastcharge,442.0,True,False,-3.1723657966202605,1.063416838645935,1.0629056692123413,0.0,1.1049188,1.1052881,42.08281633300781,4.8496,0.0
batch2,batch2-42,42,5.2C(50%)-4.25C,fastcharge,474.0,True,False,-3.482587699500616,1.0586488246917725,1.0586246252059937,0.0778436660766601,1.1024443,1.1033003,44.65147530822744,4.8448,4.7717
batch2,batch2-43,43,4.8C(80%)-4.8C-newstructure,newstructure,1029.0,True,False,-4.271781831960384,1.0600873231887815,1.0607517957687378,1.262187957763672,1.0974334,1.1010081,40.51204648742668,4.8002,2.6656
batch2,batch2-44,44,5.2C(58%)-4C-newstructure,newstructure,841.0,True,False,-4.364523625430775,1.059308409690857,1.059787631034851,0.5352497100830078,1.09659,1.0982679,38.69758749999996,4.867,2.9865
batch2,batch2-45,45,5.6C(26%)-4.5C-newstructure,newstructure,997.0,True,False,-4.175214957232082,1.0647060871124268,1.0651978254318237,0.5353689193725586,1.1030351,1.1030351,38.43383404846201,4.8492,2.8424
batch2,batch2-46,46,4.8C(80%)-4.8C,fastcharge,503.0,True,False,-3.5088751154919833,1.063598871231079,1.0643073320388794,0.708460807800293,1.100943,1.102284,38.25835951232914,4.8,0.9163
batch3,batch3-00,0,5C(67%)-4C-newstructure,newstructure,1009.0,True,False,-4.245114835175439,1.0539751052856443,1.055280089378357,1.5491247177124023,1.0674551,1.0687084,14.790204086303715,4.8322,1.1021
batch3,batch3-01,1,5.3C(54%)-4C-newstructure,newstructure,1063.0,True,False,-4.28554286571514,1.0516561269760132,1.053014874458313,1.6041994094848633,1.0650603,1.0667455,15.201938923645075,4.8829,2.6238
batch3,batch3-02,2,5.6C(19%)-4.6C-newstructure,newstructure,1267.0,True,False,-4.779380430348688,1.0474189519882202,1.0487555265426636,2.0645856857299805,1.060818,1.0614486,13.990087669372597,4.8318,3.6745
batch3,batch3-03,3,5.6C(36%)-4.3C-newstructure,newstructure,1115.0,True,False,-4.116607754064371,1.049902319908142,1.0514330863952637,1.6182661056518557,1.0628892,1.063585,13.756274838256921,4.8836,2.696
batch3,batch3-04,4,5.6C(19%)-4.6C-newstructure,newstructure,1048.0,True,False,-4.178465676831106,1.0571297407150269,1.058530330657959,1.857757568359375,1.0724765,1.0734055,16.275759284973155,4.8299,0.7646
batch3,batch3-05,5,5.6C(36%)-4.3C-newstructure,newstructure,828.0,True,False,-4.1144240024733305,1.0355924367904663,1.0363436937332153,1.0396242141723633,1.0514506,1.0526897,17.097263209533644,4.8823,4.0725
batch3,batch3-06,6,3.7C(31%)-5.9C-newstructure,newstructure,667.0,True,False,-3.525708207292945,1.0480799674987793,1.04719877243042,0.0,1.0626124,1.0630208,14.940832501220802,5.0457,1.9353
batch3,batch3-07,7,4.8C(80%)-4.8C-newstructure,newstructure,1836.0,True,False,-4.488742147956798,1.05274498462677,1.0545140504837036,2.5374889373779297,1.0675218,1.0687692,15.90268114624016,4.3632,1.3383
batch3,batch3-08,8,5C(67%)-4C-newstructure,newstructure,828.0,True,False,-4.09180376918313,1.050182580947876,1.0514192581176758,1.692652702331543,1.0647362,1.0662173,16.07401433105471,4.8323,1.9414
batch3,batch3-09,9,5.3C(54%)-4C-newstructure,newstructure,1039.0,True,False,-3.982297085804219,1.0546501874923706,1.0566926002502441,2.2841691970825195,1.0694826,1.0709082,16.25801250762948,4.8818,1.7957
batch3,batch3-10,10,4.8C(80%)-4.8C-newstructure,newstructure,1078.0,True,False,-4.411356169152643,1.0474482774734497,1.0484240055084229,1.1888742446899414,1.0617746,1.0630711,15.622822526550229,4.3633,1.9085
batch3,batch3-11,11,5.6C(19%)-4.6C-newstructure,newstructure,817.0,True,False,-3.8849211244538937,1.0526537895202637,1.0537703037261963,0.9781122207641602,1.0680679,1.0690908,16.428664385986337,4.8332,3.189
batch3,batch3-12,12,5.6C(36%)-4.3C-newstructure,newstructure,932.0,True,False,-3.9467899075468065,1.0596834421157837,1.0610240697860718,1.4393329620361328,1.0741653,1.0754544,15.761569607543935,4.8817,1.7845
batch3,batch3-13,13,5.6C(19%)-4.6C-newstructure,newstructure,816.0,True,False,-4.09446632654511,1.0495505332946775,1.0512181520462036,2.282142639160156,1.065558,1.0671138,17.563266705322267,4.8312,3.0699
batch3,batch3-14,14,5.6C(36%)-4.3C-newstructure,newstructure,858.0,True,False,-3.999667656050397,1.058935046195984,1.060377597808838,2.1047592163085938,1.0727056,1.0748252,15.89015380401615,4.885,1.8647
batch3,batch3-15,15,5.9C(15%)-4.6C-newstructure,newstructure,876.0,True,False,-4.00068444530643,1.0521584749221802,1.0535175800323486,1.528620719909668,1.0684187,1.0695444,17.385925077819884,4.8451,2.8652
batch3,batch3-16,16,4.8C(80%)-4.8C-newstructure,newstructure,1638.0,True,False,-4.694513647426703,1.0480016469955444,1.0494177341461182,1.6645193099975586,1.061009,1.0621419,13.925979789733978,4.3627,1.587
batch3,batch3-17,17,5.3C(54%)-4C-newstructure,newstructure,1315.0,True,False,-4.439713059065326,1.053149700164795,1.0548466444015503,1.833200454711914,1.0664514,1.0678582,14.708499835205169,4.8827,1.836
batch3,batch3-18,18,5.6C(19%)-4.6C-newstructure,newstructure,1146.0,True,False,-4.254051992176569,1.0532959699630735,1.0548781156539917,1.683950424194336,1.0680237,1.0689354,15.523536755370992,4.8313,2.3108
batch3,batch3-19,19,5.6C(36%)-4.3C-newstructure,newstructure,1155.0,True,False,-4.1719419655681325,1.0573817491531372,1.0583312511444092,0.9495019912719728,1.0719248,1.0731335,15.751750846862755,4.8815,1.944
batch3,batch3-20,20,5C(67%)-4C-newstructure,newstructure,813.0,True,False,-4.066344726897455,1.0498093366622925,1.0506466627120972,1.226663589477539,1.0650502,1.066355,16.409855281066974,4.8319,2.4878
batch3,batch3-21,21,3.7C(31%)-5.9C-newstructure,newstructure,772.0,True,False,-3.70432665251622,1.053650975227356,1.0536197423934937,0.0208020210266113,1.0678563,1.0681052,14.601814869690033,5.0425,2.6554
batch3,batch3-22,22,5.9C(60%)-3.1C-newstructure,newstructure,1002.0,True,False,-4.046822403242366,1.0418376922607422,1.0428401231765747,1.3506412506103516,1.0562643,1.0575157,15.591871493530363,5.1887,2.5549
batch3,batch3-23,23,4.8C(80%)-4.8C-newstructure,newstructure,,False,False,-4.54378988590744,1.0511986017227173,1.0525307655334473,1.7088651657104492,1.0661554,1.0669848,15.78619827728267,4.3634,1.7187
batch3,batch3-24,24,5C(67%)-4C-newstructure,newstructure,825.0,True,False,-4.155254877463594,1.0326114892959597,1.0339914560317993,1.8886327743530271,1.0462732,1.0480354,15.423910704040589,4.8329,2.4591
batch3,batch3-25,25,5.3C(54%)-4C-newstructure,newstructure,989.0,True,False,-4.146560815946868,1.047638177871704,1.04960036277771,2.315998077392578,1.0611302,1.0625266,14.83764012146005,4.8824,2.7477
batch3,batch3-26,26,5.6C(19%)-4.6C-newstructure,newstructure,1028.0,True,False,-4.219507406470884,1.0583624839782717,1.0604076385498047,2.482175827026367,1.0720186,1.0730283,14.878775938415467,4.832,3.236
batch3,batch3-27,27,5.6C(36%)-4.3C-newstructure,newstructure,850.0,True,False,-4.130132317741366,1.0465508699417114,1.048189401626587,1.9786357879638672,1.0604171,1.0620921,15.501143826293973,4.8805,2.4785
batch3,batch3-28,28,3.7C(31%)-5.9C-newstructure,newstructure,541.0,True,False,-3.45165787760518,1.0356355905532837,1.0351624488830566,0.0,1.0518668,1.0525209,16.762285459899886,5.0479,3.9301
batch3,batch3-29,29,5.9C(15%)-4.6C-newstructure,newstructure,858.0,True,False,-4.063576114758697,1.050610065460205,1.0524042844772339,2.633094787597656,1.0663688,1.0678768,17.32308873901367,4.8442,0.4641
batch3,batch3-30,30,5.3C(54%)-4C-newstructure,newstructure,935.0,True,False,-4.100225688314491,1.055137038230896,1.0567758083343506,2.01416015625,1.0687393,1.0701834,15.055770040893535,4.8821,1.4504
batch3,batch3-31,31,5.9C(60%)-3.1C-newstructure,newstructure,731.0,True,False,-3.8396031120794785,1.053416728973389,1.0545158386230469,1.099705696105957,1.0681812,1.06952,16.11845013732904,5.1914,2.772
batch3,batch3-32,32,4.8C(80%)-4.8C-newstructure,newstructure,,False,False,-4.6733526549067355,1.0594723224639893,1.060652494430542,1.5506744384765625,1.0725862,1.0736762,14.293958221435643,4.3628,1.7195
batch3,batch3-33,33,5C(67%)-4C-newstructure,newstructure,1284.0,True,False,-4.395898376921114,1.0463674068450928,1.0475465059280396,1.3594627380371094,1.060272,1.0613223,15.046737358093365,4.8318,0.8584
batch3,batch3-34,34,5.3C(54%)-4C-newstructure,newstructure,1158.0,True,False,-4.305659661363177,1.0468714237213137,1.048200011253357,1.6026496887207031,1.061535,1.0625553,15.866665341186525,4.8812,2.0379
batch3,batch3-35,35,5.6C(19%)-4.6C-newstructure,newstructure,1093.0,True,False,-4.234858330386991,1.0486609935760498,1.049743413925171,1.4278888702392578,1.0633804,1.0643303,15.57052123718261,4.8314,2.5039
batch3,batch3-36,36,5.6C(36%)-4.3C-newstructure,newstructure,923.0,True,False,-4.2534578748541625,1.0430511236190796,1.044243335723877,1.9273757934570312,1.0575287,1.0586547,15.823771780395512,4.8838,2.2411
batch3,batch3-37,37,4.8C(80%)-4.8C-newstructure,newstructure,1390.0,True,False,-5.098855645354507,1.0323569774627686,1.0333470106124878,3.035902976989746,1.0465839,1.0479383,15.601613159179628,4.3631,1.4027
batch3,batch3-38,38,5C(67%)-4C-newstructure,newstructure,1935.0,True,False,-4.342052885751192,1.056072473526001,1.0570087432861328,1.249551773071289,1.0701473,1.0712974,15.462484400939891,4.8313,2.2484
batch3,batch3-39,39,5.3C(54%)-4C-newstructure,newstructure,1156.0,True,False,-4.454635227756273,1.0337769985198977,1.0356147289276123,2.8580427169799805,1.0474036,1.0485611,14.718299859619144,4.8814,1.2516
batch3,batch3-40,40,5.6C(19%)-4.6C-newstructure,newstructure,796.0,True,False,-4.29510821174953,1.04341721534729,1.0460865497589111,3.685116767883301,1.0593235,1.0608622,17.360258497619576,4.8328,3.558
batch3,batch3-41,41,5.6C(36%)-4.3C-newstructure,newstructure,786.0,True,False,-4.2195092012941755,1.039264678955078,1.040724277496338,1.8080472946166992,1.0505219,1.0520619,12.947786972045794,4.8814,3.0106
batch3,batch3-42,42,4.8C(80%)-4.8C-newstructure,newstructure,1642.0,True,False,-4.346194968957672,1.051190972328186,1.0528810024261475,2.398967742919922,1.0669198,1.0681379,16.948239720153914,4.3632,1.9683
batch3,batch3-43,43,5C(67%)-4C-newstructure,newstructure,1046.0,True,False,-4.316747985934323,1.0552105903625488,1.0560821294784546,1.1218786239624023,1.0701852,1.0713063,16.270989382934474,4.8316,3.5604
batch3,batch3-44,44,5.3C(54%)-4C-newstructure,newstructure,940.0,True,False,-4.131495550658464,1.0555208921432495,1.0573627948760986,2.6117563247680664,1.06972,1.0708879,15.367007856750492,4.8812,2.4441
batch3,batch3-45,45,4.8C(80%)-4.8C-newstructure,newstructure,1801.0,True,False,-4.520850829796468,1.0540763139724731,1.0557827949523926,2.3058652877807617,1.0695485,1.0704218,16.26364921264645,4.3632,1.166
