cell_key,group,policy,true,pred,ape,signed_pct,dQ_logvar,out_of_train_range,pi_lo,pi_hi,model,gpr_lo,gpr_hi,gpr_sd_log10
batch3-00,newstructure,5C(67%)-4C-newstructure,1009.0,1057.449933733797,4.801777376986821,4.801777376986821,-4.245114835175439,True,949.829686222692,1150.3376851863693,M0,,,
batch3-01,newstructure,5.3C(54%)-4C-newstructure,1063.0,1087.1186883592254,2.268926468412551,2.268926468412551,-4.28554286571514,True,976.4789515897868,1182.6125810745082,M0,,,
batch3-02,newstructure,5.6C(19%)-4.6C-newstructure,1267.0,1524.2954116714095,20.307451592060737,20.307451592060737,-4.779380430348688,True,1369.1627247697377,1658.1914655864061,M0,,,
batch3-03,newstructure,5.6C(36%)-4.3C-newstructure,1115.0,968.4146570229882,13.146667531570566,-13.146667531570566,-4.116607754064371,False,807.030930468293,1129.3176857773378,M0,,,
batch3-04,newstructure,5.6C(19%)-4.6C-newstructure,1048.0,1010.2956701988543,3.5977413932390956,-3.5977413932390956,-4.178465676831106,False,841.9325842042832,1178.1572696630003,M0,,,
batch3-05,newstructure,5.6C(36%)-4.3C-newstructure,828.0,966.9683031605651,16.783611492821876,16.783611492821876,-4.1144240024733305,False,805.8256076296591,1127.6310188264804,M0,,,
batch3-06,newstructure,3.7C(31%)-5.9C-newstructure,667.0,646.2755151296416,3.1071191709682795,-3.1071191709682795,-3.525708207292945,False,538.5754196629938,753.6548149368195,M0,,,
batch3-07,newstructure,4.8C(80%)-4.8C-newstructure,1836.0,1249.3310169209167,31.95364831585421,-31.95364831585421,-4.488742147956798,True,1122.1823841817927,1359.0738475549704,M0,,,
batch3-08,newstructure,5C(67%)-4C-newstructure,828.0,952.1128386656206,14.989473268794764,14.989473268794764,-4.09180376918313,False,793.4457667764148,1110.3073045859803,M0,,,
batch3-09,newstructure,5.3C(54%)-4C-newstructure,1039.0,883.3601211390826,14.979776598740848,-14.979776598740848,-3.982297085804219,False,736.1505067395269,1030.131256769172,M0,,,
batch3-10,newstructure,4.8C(80%)-4.8C-newstructure,1078.0,1184.880909554011,9.914741146012148,9.914741146012148,-4.411356169152643,True,1064.2915816913387,1288.962360520613,M0,,,
batch3-11,newstructure,5.6C(19%)-4.6C-newstructure,817.0,826.405100600971,1.1511751041580132,1.1511751041580132,-3.8849211244538937,False,688.6868888704906,963.7131046676451,M0,,,
batch3-12,newstructure,5.6C(36%)-4.3C-newstructure,932.0,862.1510373026571,7.494523894564692,-7.494523894564692,-3.9467899075468065,False,718.4758603070698,1005.39826320912,M0,,,
batch3-13,newstructure,5.6C(19%)-4.6C-newstructure,816.0,953.8495101085706,16.89332231722679,16.89332231722679,-4.09446632654511,False,794.8930265430422,1112.332525663217,M0,,,
batch3-14,newstructure,5.6C(36%)-4.3C-newstructure,858.0,893.9251477320972,4.187080155256087,4.187080155256087,-3.999667656050397,False,744.9548997543885,1042.451672714628,M0,,,
batch3-15,newstructure,5.9C(15%)-4.6C-newstructure,876.0,894.547473409137,2.1172914850612963,2.1172914850612963,-4.00068444530643,False,745.4735165127714,1043.1773984027902,M0,,,
batch3-16,newstructure,4.8C(80%)-4.8C-newstructure,1638.0,1438.2774421418003,12.193074350317442,-12.193074350317442,-4.694513647426703,True,1291.8990942171922,1564.6175678570485,M0,,,
batch3-17,newstructure,5.3C(54%)-4C-newstructure,1315.0,1208.1023479586893,8.129099014548343,-8.129099014548343,-4.439713059065326,True,1085.1496959622198,1314.223599704595,M0,,,
batch3-18,newstructure,5.6C(19%)-4.6C-newstructure,1146.0,1063.9381100468445,7.160723381601702,-7.160723381601702,-4.254051992176569,True,955.6575389417511,1157.395791185467,M0,,,
batch3-19,newstructure,5.6C(36%)-4.3C-newstructure,1155.0,1005.7946755915669,12.91820990549204,-12.91820990549204,-4.1719419655681325,False,838.1816683753982,1172.9084304630405,M0,,,
batch3-20,newstructure,5C(67%)-4C-newstructure,813.0,935.6658405168811,15.088049264069012,15.088049264069012,-4.066344726897455,False,779.7396171192102,1091.12762184097,M0,,,
batch3-21,newstructure,3.7C(31%)-5.9C-newstructure,772.0,730.3174217096354,5.399297706005781,-5.399297706005781,-3.70432665251622,False,608.6119660676934,851.6603653061185,M0,,,
batch3-22,newstructure,5.9C(60%)-3.1C-newstructure,1002.0,923.2467864554504,7.859602150154648,-7.859602150154648,-4.046822403242366,False,769.3901653817253,1076.6451299760565,M0,,,
batch3-24,newstructure,5C(67%)-4C-newstructure,825.0,994.3725576708824,20.53000699040999,20.53000699040999,-4.155254877463594,False,828.663016022711,1159.5885166396408,M0,,,
batch3-25,newstructure,5.3C(54%)-4C-newstructure,989.0,988.4730628686301,0.053279790836187176,-0.053279790836187176,-4.146560815946868,False,823.7466563362616,1152.7088150892575,M0,,,
batch3-26,newstructure,5.6C(19%)-4.6C-newstructure,1028.0,1039.0777848253285,1.077605527755694,1.077605527755694,-4.219507406470884,True,933.3273328948604,1130.3517032754874,M0,,,
batch3-27,newstructure,5.6C(36%)-4.3C-newstructure,850.0,977.4206318830924,14.990662574481457,14.990662574481457,-4.130132317741366,False,814.5360835743674,1139.8200120416338,M0,,,
batch3-28,newstructure,3.7C(31%)-5.9C-newstructure,541.0,614.3366105227282,13.55575055872979,13.55575055872979,-3.45165787760518,False,511.9590485495158,716.4092305424,M0,,,
batch3-29,newstructure,5.9C(15%)-4.6C-newstructure,858.0,933.8944840597399,8.845510962673643,8.845510962673643,-4.063576114758697,False,778.2634525037424,1089.0619528010002,M0,,,
batch3-30,newstructure,5.3C(54%)-4C-newstructure,935.0,957.616938178548,2.418923869363425,2.418923869363425,-4.100225688314491,False,798.0326227467312,1116.7259155385816,M0,,,
batch3-31,newstructure,5.9C(60%)-3.1C-newstructure,731.0,801.1656208598044,9.598580144980088,9.598580144980088,-3.8396031120794785,False,667.6535012897348,934.2800610382346,M0,,,
batch3-33,newstructure,5C(67%)-4C-newstructure,1284.0,1172.411057983957,8.690727571342904,-8.690727571342904,-4.395898376921114,True,1053.0908289878926,1275.3971412775009,M0,,,
batch3-34,newstructure,5.3C(54%)-4C-newstructure,1158.0,1102.1904328448932,4.819479028938415,-4.819479028938415,-4.305659661363177,True,990.0167937882376,1199.0082468268765,M0,,,
batch3-35,newstructure,5.6C(19%)-4.6C-newstructure,1093.0,1050.0526850426445,3.929306034524749,-3.929306034524749,-4.234858330386991,True,943.1852804885881,1142.2906527315254,M0,,,
batch3-36,newstructure,5.6C(36%)-4.3C-newstructure,923.0,1063.5055615847184,15.222704397044248,15.222704397044248,-4.2534578748541625,True,955.2690123960009,1156.9252471145094,M0,,,
batch3-37,newstructure,4.8C(80%)-4.8C-newstructure,1390.0,1896.8477781432205,36.463868931166935,36.463868931166935,-5.098855645354507,True,1703.7991799425863,2063.469307294393,M0,,,
batch3-38,newstructure,5C(67%)-4C-newstructure,1935.0,1129.989600526386,41.60260462395938,-41.60260462395938,-4.342052885751192,True,1014.9867463825241,1229.2493288683895,M0,,,
batch3-39,newstructure,5.3C(54%)-4C-newstructure,1156.0,1220.5042941192955,5.579956238693386,5.579956238693386,-4.454635227756273,True,1096.2894542188455,1327.7149486404485,M0,,,
batch3-40,newstructure,5.6C(19%)-4.6C-newstructure,796.0,1094.2592858200871,37.469759525136574,37.469759525136574,-4.29510821174953,True,982.8928263552281,1190.3804177275133,M0,,,
batch3-41,newstructure,5.6C(36%)-4.3C-newstructure,786.0,1039.0790612773992,32.19835385208641,32.19835385208641,-4.2195092012941755,True,933.3284794380972,1130.3530918527365,M0,,,
batch3-42,newstructure,4.8C(80%)-4.8C-newstructure,1642.0,1133.1976681357137,30.986743718896854,-30.986743718896854,-4.346194968957672,True,1017.8683181274763,1232.7391972299156,M0,,,
batch3-43,newstructure,5C(67%)-4C-newstructure,1046.0,1110.5870835743697,6.174673381870906,6.174673381870906,-4.316747985934323,True,997.5588890433193,1208.142470070297,M0,,,
batch3-44,newstructure,5.3C(54%)-4C-newstructure,940.0,978.3330390328997,4.077982875840394,4.077982875840394,-4.131495550658464,False,815.2964404997143,1140.884016518884,M0,,,
batch3-45,newstructure,4.8C(80%)-4.8C-newstructure,1801.0,1277.0907538724,29.0899081692171,-29.0899081692171,-4.520850829796468,True,1147.116919044499,1389.2720352208373,M0,,,
batch3-00,newstructure,5C(67%)-4C-newstructure,1009.0,1010.0120007384972,0.10029739727425666,0.10029739727425666,-4.245114835175439,True,952.3371108873735,1082.0728251884275,M1,,,
batch3-01,newstructure,5.3C(54%)-4C-newstructure,1063.0,1023.1680200143505,3.747128879176808,-3.747128879176808,-4.28554286571514,True,964.7418797205991,1096.1674804357385,M1,,,
batch3-02,newstructure,5.6C(19%)-4.6C-newstructure,1267.0,1439.0766199219122,13.581422251137507,13.581422251137507,-4.779380430348688,True,1356.900778960976,1541.7497046004785,M1,,,
batch3-03,newstructure,5.6C(36%)-4.3C-newstructure,1115.0,888.5917851891592,20.30566948976151,-20.30566948976151,-4.116607754064371,False,811.4795572572286,995.5199984194093,M1,,,
batch3-04,newstructure,5.6C(19%)-4.6C-newstructure,1048.0,983.6835744702296,6.137063504749085,-6.137063504749085,-4.178465676831106,False,898.319256150207,1102.0546068781607,M1,,,
batch3-05,newstructure,5.6C(36%)-4.3C-newstructure,828.0,795.7395355739699,3.89619135580074,-3.89619135580074,-4.1144240024733305,False,726.6850501911614,891.4944234243912,M1,,,
batch3-06,newstructure,3.7C(31%)-5.9C-newstructure,667.0,560.6718957371876,15.941245016913404,-15.941245016913404,-3.525708207292945,False,512.0166417277101,628.1400459258958,M1,,,
batch3-07,newstructure,4.8C(80%)-4.8C-newstructure,1836.0,1202.9454229032372,34.48009679176268,-34.48009679176268,-4.488742147956798,True,1134.2534224991539,1288.7713723764068,M1,,,
batch3-08,newstructure,5C(67%)-4C-newstructure,828.0,873.9454631906574,5.548968984378912,5.548968984378912,-4.09180376918313,False,798.1042469191289,979.1112191623573,M1,,,
batch3-09,newstructure,5.3C(54%)-4C-newstructure,1039.0,832.2925117709152,19.894849685186216,-19.894849685186216,-3.982297085804219,False,760.0659495367669,932.4459822980323,M1,,,
batch3-10,newstructure,4.8C(80%)-4.8C-newstructure,1078.0,1089.8469114224854,1.0989713749986447,1.0989713749986447,-4.411356169152643,True,1027.6131948677119,1167.6036775835719,M1,,,
batch3-11,newstructure,5.6C(19%)-4.6C-newstructure,817.0,761.592017161674,6.781882844348348,-6.781882844348348,-3.8849211244538937,False,695.5008623734176,853.2377818005898,M1,,,
batch3-12,newstructure,5.6C(36%)-4.3C-newstructure,932.0,841.8341733337465,9.67444492127183,-9.67444492127183,-3.9467899075468065,False,768.7795832092371,943.1358345589626,M1,,,
batch3-13,newstructure,5.6C(19%)-4.6C-newstructure,816.0,871.5112548486857,6.802849858907558,6.802849858907558,-4.09446632654511,False,795.8812798148421,976.3840916723858,M1,,,
batch3-14,newstructure,5.6C(36%)-4.3C-newstructure,858.0,871.1962607262143,1.5380257256660013,1.5380257256660013,-3.999667656050397,False,795.5936209648479,976.0311929020712,M1,,,
batch3-15,newstructure,5.9C(15%)-4.6C-newstructure,876.0,828.1155964096394,5.466256117621079,-5.466256117621079,-4.00068444530643,False,756.2515079849045,927.7664400794756,M1,,,
batch3-16,newstructure,4.8C(80%)-4.8C-newstructure,1638.0,1355.6462349140168,17.237714596213873,-17.237714596213873,-4.694513647426703,True,1278.2345336484989,1452.366853361045,M1,,,
batch3-17,newstructure,5.3C(54%)-4C-newstructure,1315.0,1162.7489682400917,11.578025228890365,-11.578025228890365,-4.439713059065326,True,1096.352312934292,1245.7070412317219,M1,,,
batch3-18,newstructure,5.6C(19%)-4.6C-newstructure,1146.0,1011.6252665283174,11.725543932956596,-11.725543932956596,-4.254051992176569,True,953.8582540819567,1083.801191851095,M1,,,
batch3-19,newstructure,5.6C(36%)-4.3C-newstructure,1155.0,980.7205986081742,15.089125661629938,-15.089125661629938,-4.1719419655681325,False,895.6134081097676,1098.7350829137542,M1,,,
batch3-20,newstructure,5C(67%)-4C-newstructure,813.0,854.8602670339218,5.148864333815718,5.148864333815718,-4.066344726897455,False,780.6752690852428,957.7294162192399,M1,,,
batch3-21,newstructure,3.7C(31%)-5.9C-newstructure,772.0,669.4634802544043,13.28193260953312,-13.28193260953312,-3.70432665251622,False,611.3672640368623,750.0230070918819,M1,,,
batch3-22,newstructure,5.9C(60%)-3.1C-newstructure,1002.0,792.8379723639692,20.874453855891293,-20.874453855891293,-4.046822403242366,False,724.0352853967412,888.243702170403,M1,,,
batch3-24,newstructure,5C(67%)-4C-newstructure,825.0,802.3049722444717,2.750912455215546,-2.750912455215546,-4.155254877463594,False,732.6807365472366,898.8499083757284,M1,,,
batch3-25,newstructure,5.3C(54%)-4C-newstructure,989.0,893.4390249386247,9.662383727136028,-9.662383727136028,-4.146560815946868,False,815.9061522712469,1000.9505281498851,M1,,,
batch3-26,newstructure,5.6C(19%)-4.6C-newstructure,1028.0,1024.2264085665747,0.3670808787378678,-0.3670808787378678,-4.219507406470884,True,965.7398309283911,1097.3013813101984,M1,,,
batch3-27,newstructure,5.6C(36%)-4.3C-newstructure,850.0,875.1535634582392,2.9592427597928475,2.9592427597928475,-4.130132317741366,False,799.2075079289648,980.4646955240789,M1,,,
batch3-28,newstructure,3.7C(31%)-5.9C-newstructure,541.0,482.3254127465495,10.845579898974217,-10.845579898974217,-3.45165787760518,False,440.4690870579692,540.3657811588599,M1,,,
batch3-29,newstructure,5.9C(15%)-4.6C-newstructure,858.0,858.2784343632947,0.03245155749354898,0.03245155749354898,-4.063576114758697,False,783.7968069582045,961.5589068706869,M1,,,
batch3-30,newstructure,5.3C(54%)-4C-newstructure,935.0,913.2632350055816,2.324787699937799,-2.324787699937799,-4.100225688314491,False,834.0100121946018,1023.1602738435411,M1,,,
batch3-31,newstructure,5.9C(60%)-3.1C-newstructure,731.0,740.2230952011064,1.2617093298367152,1.2617093298367152,-3.8396031120794785,False,675.9863410592977,829.2974421407085,M1,,,
batch3-33,newstructure,5C(67%)-4C-newstructure,1284.0,1068.3775368619408,16.79302672414791,-16.79302672414791,-4.395898376921114,True,1007.3697897135175,1144.6025382220882,M1,,,
batch3-34,newstructure,5.3C(54%)-4C-newstructure,1158.0,1001.76097546554,13.492143742181344,-13.492143742181344,-4.305659661363177,True,944.5572453367054,1073.233118114371,M1,,,
batch3-35,newstructure,5.6C(19%)-4.6C-newstructure,1093.0,962.5559386550472,11.934497835768788,-11.934497835768788,-4.234858330386991,True,907.5909405194969,1031.2309390193427,M1,,,
batch3-36,newstructure,5.6C(36%)-4.3C-newstructure,923.0,935.4540616900645,1.349302458295175,1.349302458295175,-4.2534578748541625,True,882.0366667192005,1002.1954379025585,M1,,,
batch3-37,newstructure,4.8C(80%)-4.8C-newstructure,1390.0,1634.0503794819952,17.557581257697493,17.557581257697493,-5.098855645354507,True,1540.7409182291563,1750.6341601223212,M1,,,
batch3-38,newstructure,5C(67%)-4C-newstructure,1935.0,1104.2553827727993,42.93253835799487,-42.93253835799487,-4.342052885751192,True,1041.1988967881132,1183.0401429812907,M1,,,
batch3-39,newstructure,5.3C(54%)-4C-newstructure,1156.0,1014.9992540114754,12.197296365789326,-12.197296365789326,-4.454635227756273,True,957.0395761746956,1087.415901543041,M1,,,
batch3-40,newstructure,5.6C(19%)-4.6C-newstructure,796.0,968.0623985900653,21.61587921985745,21.61587921985745,-4.29510821174953,True,912.7829641210957,1037.1302656157745,M1,,,
batch3-41,newstructure,5.6C(36%)-4.3C-newstructure,786.0,885.8999248776537,12.709914106571714,12.709914106571714,-4.2195092012941755,True,835.3122283462475,949.1057867091345,M1,,,
batch3-42,newstructure,4.8C(80%)-4.8C-newstructure,1642.0,1067.3899578467294,34.994521446606,-34.994521446606,-4.346194968957672,True,1006.4386045935073,1143.5444988975007,M1,,,
batch3-43,newstructure,5C(67%)-4C-newstructure,1046.0,1076.2637089777133,2.8932800169898036,2.8932800169898036,-4.316747985934323,True,1014.8056363798977,1153.0513611420106,M1,,,
batch3-44,newstructure,5.3C(54%)-4C-newstructure,940.0,937.837856523805,0.23001526342499531,-0.23001526342499531,-4.131495550658464,False,856.4520416188631,1050.6920691884322,M1,,,
batch3-45,newstructure,4.8C(80%)-4.8C-newstructure,1801.0,1245.0282527739225,30.87016919633967,-30.87016919633967,-4.520850829796468,True,1173.933189262034,1333.856665003426,M1,,,
batch3-00,newstructure,5C(67%)-4C-newstructure,1009.0,1017.8340301546689,0.875523305715449,0.875523305715449,-4.245114835175439,True,900.5377769742386,1128.7913875716672,M2,,,
batch3-01,newstructure,5.3C(54%)-4C-newstructure,1063.0,1012.9229660386023,4.710915706622545,-4.710915706622545,-4.28554286571514,True,896.1926689992297,1123.3449525795243,M2,,,
batch3-02,newstructure,5.6C(19%)-4.6C-newstructure,1267.0,563.1866053006402,55.549597055987356,-55.549597055987356,-4.779380430348688,True,498.28439463950457,624.5813863803347,M2,,,
batch3-03,newstructure,5.6C(36%)-4.3C-newstructure,1115.0,846.4257893363031,24.08737315369479,-24.08737315369479,-4.116607754064371,False,753.8416216812387,1008.9136190263417,M2,,,
batch3-04,newstructure,5.6C(19%)-4.6C-newstructure,1048.0,971.8247180529646,7.26863377357208,-7.26863377357208,-4.178465676831106,False,865.5241022622965,1158.385301703635,M2,,,
batch3-05,newstructure,5.6C(36%)-4.3C-newstructure,828.0,821.3782525951724,0.7997279474429471,-0.7997279474429471,-4.1144240024733305,False,731.533847090793,979.057722313879,M2,,,
batch3-06,newstructure,3.7C(31%)-5.9C-newstructure,667.0,560.2143949987096,16.009835832277417,-16.009835832277417,-3.525708207292945,False,498.9367447631104,667.758402224476,M2,,,
batch3-07,newstructure,4.8C(80%)-4.8C-newstructure,1836.0,1224.1362362937834,33.32591305589415,-33.32591305589415,-4.488742147956798,True,1083.0655021213022,1357.5832599474418,M2,,,
batch3-08,newstructure,5C(67%)-4C-newstructure,828.0,902.855640108073,9.04053624493635,9.04053624493635,-4.09180376918313,False,804.099034384102,1076.1762729772624,M2,,,
batch3-09,newstructure,5.3C(54%)-4C-newstructure,1039.0,846.8547555697586,18.493286278175304,-18.493286278175304,-3.982297085804219,False,754.2236665162953,1009.4249336394929,M2,,,
batch3-10,newstructure,4.8C(80%)-4.8C-newstructure,1078.0,1136.4130973476094,5.418654670464697,5.418654670464697,-4.411356169152643,True,1005.4516690253647,1260.2971398143325,M2,,,
batch3-11,newstructure,5.6C(19%)-4.6C-newstructure,817.0,777.9792609074366,4.776100256127713,-4.776100256127713,-3.8849211244538937,False,692.8819455474026,927.3274533199476,M2,,,
batch3-12,newstructure,5.6C(36%)-4.3C-newstructure,932.0,843.7928718442707,9.464284136880822,-9.464284136880822,-3.9467899075468065,False,751.4966992828996,1005.7752620091636,M2,,,
batch3-13,newstructure,5.6C(19%)-4.6C-newstructure,816.0,870.0649762074198,6.6256098293406644,6.6256098293406644,-4.09446632654511,False,774.8950952292524,1037.0908058245836,M2,,,
batch3-14,newstructure,5.6C(36%)-4.3C-newstructure,858.0,893.6498663327206,4.154996076074668,4.154996076074668,-3.999667656050397,False,795.9002111451695,1065.2032725646554,M2,,,
batch3-15,newstructure,5.9C(15%)-4.6C-newstructure,876.0,854.564483568719,2.4469767615617615,-2.4469767615617615,-4.00068444530643,False,761.0900852037679,1018.6146933031713,M2,,,
batch3-16,newstructure,4.8C(80%)-4.8C-newstructure,1638.0,1267.9085498320344,22.59410562685993,-22.59410562685993,-4.694513647426703,True,1121.793448681279,1406.1273340029693,M2,,,
batch3-17,newstructure,5.3C(54%)-4C-newstructure,1315.0,1024.7912943428037,22.069103091802003,-22.069103091802003,-4.439713059065326,True,906.6932787949562,1136.5070854791481,M2,,,
batch3-18,newstructure,5.6C(19%)-4.6C-newstructure,1146.0,975.4361742335855,14.883405389739487,-14.883405389739487,-4.254051992176569,True,863.0258941048432,1081.771605173597,M2,,,
batch3-19,newstructure,5.6C(36%)-4.3C-newstructure,1155.0,967.2636118345982,16.254232741593228,-16.254232741593228,-4.1719419655681325,False,861.4619012381409,1152.948602775612,M2,,,
batch3-20,newstructure,5C(67%)-4C-newstructure,813.0,862.5282399079464,6.0920344290216955,6.0920344290216955,-4.066344726897455,False,768.1827459769526,1028.107246968808,M2,,,
batch3-21,newstructure,3.7C(31%)-5.9C-newstructure,772.0,652.0127685888295,15.542387488493583,-15.542387488493583,-3.70432665251622,False,580.6939828892529,777.1792522108195,M2,,,
batch3-22,newstructure,5.9C(60%)-3.1C-newstructure,1002.0,797.2707985868146,20.432056029260014,-20.432056029260014,-4.046822403242366,False,710.0633266349877,950.322375428767,M2,,,
batch3-24,newstructure,5C(67%)-4C-newstructure,825.0,799.1160919920472,3.1374433949033644,-3.1374433949033644,-4.155254877463594,False,711.706777237041,952.5219086555353,M2,,,
batch3-25,newstructure,5.3C(54%)-4C-newstructure,989.0,830.463247826055,16.03000527542417,-16.03000527542417,-4.146560815946868,False,739.6251028442182,989.8867584003314,M2,,,
batch3-26,newstructure,5.6C(19%)-4.6C-newstructure,1028.0,950.5319698480561,7.535800598438127,-7.535800598438127,-4.219507406470884,True,840.9916761574941,1054.152513463293,M2,,,
batch3-27,newstructure,5.6C(36%)-4.3C-newstructure,850.0,857.5552397018927,0.8888517296344323,0.8888517296344323,-4.130132317741366,False,763.7537049586109,1022.1795830217508,M2,,,
batch3-28,newstructure,3.7C(31%)-5.9C-newstructure,541.0,499.9344532446094,7.590674076781993,-7.590674076781993,-3.45165787760518,False,445.2503736491194,595.9065577319845,M2,,,
batch3-29,newstructure,5.9C(15%)-4.6C-newstructure,858.0,871.4388744998606,1.566302389261144,1.566302389261144,-4.063576114758697,False,776.1187130937444,1038.7284505134198,M2,,,
batch3-30,newstructure,5.3C(54%)-4C-newstructure,935.0,890.1170891514128,4.800311320704518,-4.800311320704518,-4.100225688314491,False,792.7538579586912,1060.9923103561412,M2,,,
batch3-31,newstructure,5.9C(60%)-3.1C-newstructure,731.0,750.1450860554231,2.6190268201673215,2.6190268201673215,-3.8396031120794785,False,668.0923422851322,894.1499693203442,M2,,,
batch3-33,newstructure,5C(67%)-4C-newstructure,1284.0,1016.7713912326544,20.81219694449732,-20.81219694449732,-4.395898376921114,True,899.5975976677835,1127.6129069670385,M2,,,
batch3-34,newstructure,5.3C(54%)-4C-newstructure,1158.0,982.5462758655867,15.151444225769714,-15.151444225769714,-4.305659661363177,True,869.3166202232953,1089.6568018256903,M2,,,
batch3-35,newstructure,5.6C(19%)-4.6C-newstructure,1093.0,943.4863067824765,13.679203405079917,-13.679203405079917,-4.234858330386991,True,834.75796263799,1046.3387800327557,M2,,,
batch3-36,newstructure,5.6C(36%)-4.3C-newstructure,923.0,899.9713031107729,2.4949834116172425,-2.4949834116172425,-4.2534578748541625,True,796.257673287685,998.0800660189352,M2,,,
batch3-37,newstructure,4.8C(80%)-4.8C-newstructure,1390.0,457.3039635057249,67.10043428016368,-67.10043428016368,-5.098855645354507,True,404.6037787068037,507.1561376555753,M2,,,
batch3-38,newstructure,5C(67%)-4C-newstructure,1935.0,1079.67196720766,44.202999110715254,-44.202999110715254,-4.342052885751192,True,955.2494457891546,1197.370476797057,M2,,,
batch3-39,newstructure,5.3C(54%)-4C-newstructure,1156.0,923.8403286218766,20.08301655520099,-20.08301655520099,-4.454635227756273,True,817.3760074516983,1024.5511306802023,M2,,,
batch3-40,newstructure,5.6C(19%)-4.6C-newstructure,796.0,918.3478458166439,15.37033238902562,15.37033238902562,-4.29510821174953,True,812.5164840825083,1018.4598946797809,M2,,,
batch3-41,newstructure,5.6C(36%)-4.3C-newstructure,786.0,783.0703182087602,0.3727330523205818,-0.3727330523205818,-4.2195092012941755,True,692.8284795774293,868.435329208568,M2,,,
batch3-42,newstructure,4.8C(80%)-4.8C-newstructure,1642.0,309.72290882807334,81.13745987648761,-81.13745987648761,-4.346194968957672,True,274.03011839920896,343.4867981036625,M2,,,
batch3-43,newstructure,5C(67%)-4C-newstructure,1046.0,578.7928739805886,44.666073233213325,-44.666073233213325,-4.316747985934323,True,512.092180670954,641.8889445441921,M2,,,
batch3-44,newstructure,5.3C(54%)-4C-newstructure,940.0,927.9128913677272,1.285862620454555,-1.285862620454555,-4.131495550658464,False,826.4154608947631,1106.0437490982974,M2,,,
batch3-45,newstructure,4.8C(80%)-4.8C-newstructure,1801.0,1254.1965193869696,30.361103865243223,-30.361103865243223,-4.520850829796468,True,1109.66160689866,1390.920511069217,M2,,,
batch3-00,newstructure,5C(67%)-4C-newstructure,1009.0,1002.9415039501527,0.6004455946330376,-0.6004455946330376,-4.245114835175439,True,939.0759422905146,1069.3842880904833,M3,903.5196378511624,1113.3035943060436,0.035377435177621847
batch3-01,newstructure,5.3C(54%)-4C-newstructure,1063.0,1015.7388927273695,4.446011972966182,-4.446011972966182,-4.28554286571514,True,951.0584157224051,1083.029477199759,M3,913.7656887117909,1129.0919662933823,0.03585281826984457
batch3-02,newstructure,5.6C(19%)-4.6C-newstructure,1267.0,1415.1978710494193,11.696753831840512,11.696753831840512,-4.779380430348688,True,1325.080544626973,1508.9517802172518,M3,1251.2411015405842,1600.6387671863479,0.04172767299126072
batch3-03,newstructure,5.6C(36%)-4.3C-newstructure,1115.0,885.7291962768741,20.562403921356587,-20.562403921356587,-4.116607754064371,False,810.6418851425572,993.3490697971282,M3,798.8552432949361,982.050522572129,0.03498327474742643
batch3-04,newstructure,5.6C(19%)-4.6C-newstructure,1048.0,977.3894707027292,6.737645925312097,-6.737645925312097,-4.178465676831106,False,894.5316992816774,1096.146458345457,M3,882.1206424370703,1082.9473107004303,0.034754489967531575
batch3-05,newstructure,5.6C(36%)-4.3C-newstructure,828.0,788.9969656992791,4.710511388975949,-4.710511388975949,-4.1144240024733305,False,722.1100877499895,884.8634608011046,M3,711.1378850358153,875.3804641575487,0.035208506972319566
batch3-06,newstructure,3.7C(31%)-5.9C-newstructure,667.0,566.2274475541213,15.108328702530532,-15.108328702530532,-3.525708207292945,False,518.2257595596386,635.0264964571252,M3,509.1574222917666,629.6942916407717,0.03600232705307146
batch3-07,newstructure,4.8C(80%)-4.8C-newstructure,1836.0,1188.7064600907943,35.25563942860598,-35.25563942860598,-4.488742147956798,True,1113.0117107727804,1267.4557853734327,M3,1063.4802642479797,1328.678204725106,0.03772395072080842
batch3-08,newstructure,5C(67%)-4C-newstructure,828.0,871.5277044225224,5.256969133154885,5.256969133154885,-4.09180376918313,False,797.6443186436319,977.422036136558,M3,786.3774936118111,965.8981160401095,0.03484067517875103
batch3-09,newstructure,5.3C(54%)-4C-newstructure,1039.0,830.9814080996521,20.021038681457934,-20.021038681457934,-3.982297085804219,False,760.5353171284038,931.9491919474501,M3,751.6900169965509,918.6367851024007,0.03398421560125909
batch3-10,newstructure,4.8C(80%)-4.8C-newstructure,1078.0,1080.2083537827136,0.2048565661144369,0.2048565661144369,-4.411356169152643,True,1011.4225742013007,1151.7699056721187,M3,967.5186397290029,1206.0233670627672,0.03733614174117882
batch3-11,newstructure,5.6C(19%)-4.6C-newstructure,817.0,762.3590856570428,6.687994411622671,-6.687994411622671,-3.8849211244538937,False,697.7304225155043,854.9889647671594,M3,689.4673204724699,842.9571035876949,0.03405707227811323
batch3-12,newstructure,5.6C(36%)-4.3C-newstructure,932.0,917.0064504772298,1.6087499487950851,-1.6087499487950851,-3.9467899075468065,False,839.2676235890672,1028.4266437286751,M3,840.4734369319278,1000.5085149228278,0.02953326224370058
batch3-13,newstructure,5.6C(19%)-4.6C-newstructure,816.0,869.1901521500284,6.518400998777995,6.518400998777995,-4.09446632654511,False,795.5049313582641,974.8004612971549,M3,784.056991773979,963.5670984646687,0.03493200460986709
batch3-14,newstructure,5.6C(36%)-4.3C-newstructure,858.0,871.9421253715374,1.6249563370090179,1.6249563370090179,-3.999667656050397,False,798.0236072351836,977.8868109976993,M3,791.910089155974,960.0623611295968,0.03262590827181854
batch3-15,newstructure,5.9C(15%)-4.6C-newstructure,876.0,827.0097061410704,5.592499298964565,-5.592499298964565,-4.00068444530643,False,756.9003144927646,927.4949112681495,M3,747.4105706033267,915.0861400039387,0.03429543692264832
batch3-16,newstructure,4.8C(80%)-4.8C-newstructure,1638.0,1335.3678012386904,18.47571421009216,-18.47571421009216,-4.694513647426703,True,1250.3339141052852,1423.8331346765815,M3,1184.8797881059056,1504.968843662704,0.04051854823829286
batch3-17,newstructure,5.3C(54%)-4C-newstructure,1315.0,1150.0684740529045,12.542321364798134,-12.542321364798134,-4.439713059065326,True,1076.8341241400285,1226.2581132962061,M3,1030.5835268039934,1283.406400946609,0.037174081512209765
batch3-18,newstructure,5.6C(19%)-4.6C-newstructure,1146.0,1004.5285361735911,12.344804871414391,-12.344804871414391,-4.254051992176569,True,940.5619150763661,1071.0764578907697,M3,904.6532196694992,1115.4302643787728,0.035488345945471615
batch3-19,newstructure,5.6C(36%)-4.3C-newstructure,1155.0,974.5182711618123,15.626123708933997,-15.626123708933997,-4.1719419655681325,False,891.9039044452275,1092.9263958193933,M3,879.6635762077896,1079.6012095013443,0.03470275995851574
batch3-20,newstructure,5C(67%)-4C-newstructure,813.0,853.0023696170284,4.920340666301159,4.920340666301159,-4.066344726897455,False,780.6894611174854,956.6457941722302,M3,769.7804001154985,945.2215754819088,0.03478860295887862
batch3-21,newstructure,3.7C(31%)-5.9C-newstructure,772.0,672.7125260257126,12.861071758327386,-12.861071758327386,-3.70432665251622,False,615.6836113665021,754.4499659460591,M3,608.6615642710964,743.5037288970885,0.033907052788710895
batch3-22,newstructure,5.9C(60%)-3.1C-newstructure,1002.0,793.1171898943504,20.846587834895168,-20.846587834895168,-4.046822403242366,False,725.8810217134878,889.4843098018304,M3,712.9211355794398,882.334448388392,0.03612486134808284
batch3-24,newstructure,5C(67%)-4C-newstructure,825.0,802.6391831645694,2.7104020406582507,-2.7104020406582507,-4.155254877463594,False,734.5957921053088,900.1632658499608,M3,715.9776297988159,899.7902050824001,0.038719397090800106
batch3-25,newstructure,5.3C(54%)-4C-newstructure,989.0,890.5136825121903,9.958171636785616,-9.958171636785616,-4.146560815946868,False,815.0207686179336,998.7148915079696,M3,802.1198324921645,988.6485617461261,0.03542685557617884
batch3-26,newstructure,5.6C(19%)-4.6C-newstructure,1028.0,1016.4750802140086,1.1211011464972191,-1.1211011464972191,-4.219507406470884,True,951.7477240768757,1083.8144355729044,M3,916.6963300950868,1127.1143504947834,0.035013217181240563
batch3-27,newstructure,5.6C(36%)-4.3C-newstructure,850.0,872.8393700361678,2.6869847101373874,2.6869847101373874,-4.130132317741366,False,798.8447883698096,978.8930747143494,M3,785.9943141721556,969.2799962396005,0.03551548295846591
batch3-28,newstructure,3.7C(31%)-5.9C-newstructure,541.0,489.45049323973836,9.528559475094573,-9.528559475094573,-3.45165787760518,False,447.95753847972753,548.9208148665992,M3,435.0934550544701,550.5984577557758,0.039894001505742384
batch3-29,newstructure,5.9C(15%)-4.6C-newstructure,858.0,856.3236599266776,0.1953776309233592,-0.1953776309233592,-4.063576114758697,False,783.7291904716006,960.3706354143212,M3,773.0303450273005,948.5917535673494,0.0346778096665326
batch3-30,newstructure,5.3C(54%)-4C-newstructure,935.0,909.4327931902499,2.7344606213636506,-2.7344606213636506,-4.100225688314491,False,832.3360198366468,1019.9327547921836,M3,821.8336279888339,1006.3691447547545,0.03432300633032815
batch3-31,newstructure,5.9C(60%)-3.1C-newstructure,731.0,741.5392777097328,1.4417616565981943,1.4417616565981943,-3.8396031120794785,False,678.6756048199187,831.6394613921454,M3,670.8260189066735,819.7065779924268,0.03396216102639788
batch3-33,newstructure,5C(67%)-4C-newstructure,1284.0,1059.574971258692,17.47858479293677,-17.47858479293677,-4.395898376921114,True,992.1030894057553,1129.769604563385,M3,949.0817848372034,1182.9319007638896,0.03732042785309709
batch3-34,newstructure,5.3C(54%)-4C-newstructure,1158.0,995.2930859924496,14.050683420341139,-14.050683420341139,-4.305659661363177,True,931.9145622176259,1061.2291783851786,M3,893.62481634149,1108.5282200195998,0.036514930498861516
batch3-35,newstructure,5.6C(19%)-4.6C-newstructure,1093.0,957.3438666108284,12.411357126182214,-12.411357126182214,-4.234858330386991,True,896.3818827845524,1020.7659023195572,M3,861.3858484496391,1063.9915672946597,0.035792728081016086
batch3-36,newstructure,5.6C(36%)-4.3C-newstructure,923.0,931.3718236146748,0.9070231435183944,0.9070231435183944,-4.2534578748541625,True,872.0636940828563,993.073265610131,M3,835.6653249512941,1038.039329768629,0.036745078847531226
batch3-37,newstructure,4.8C(80%)-4.8C-newstructure,1390.0,1602.253191607602,15.270013784719572,15.270013784719572,-5.098855645354507,True,1500.2245093764468,1708.3991258708138,M3,1390.0836264397205,1846.806365593913,0.04813713245874246
batch3-38,newstructure,5C(67%)-4C-newstructure,1935.0,1093.663959339301,43.47989874215498,-43.47989874215498,-4.342052885751192,True,1024.021350318726,1166.116917050434,M3,983.1552575331339,1216.5940697493609,0.03609827012344465
batch3-39,newstructure,5.3C(54%)-4C-newstructure,1156.0,1008.6592485447221,12.745739745266253,-12.745739745266253,-4.454635227756273,True,944.4295909048896,1075.480821346575,M3,896.1704807542449,1135.2677883548827,0.040071614689670985
batch3-40,newstructure,5.6C(19%)-4.6C-newstructure,796.0,962.8899252625138,20.966071012878615,20.966071012878615,-4.29510821174953,True,901.5747781167499,1026.679375796905,M3,863.4186606868723,1073.8209056478715,0.03695146830889113
batch3-41,newstructure,5.6C(36%)-4.3C-newstructure,786.0,883.5387032757426,12.409504233555037,12.409504233555037,-4.2195092012941755,True,827.2765032266976,942.0713007504359,M3,791.4437065291569,986.3501772092515,0.03730286768253545
batch3-42,newstructure,4.8C(80%)-4.8C-newstructure,1642.0,1058.3961179353876,35.542258347418546,-35.542258347418546,-4.346194968957672,True,990.9993034012434,1128.5126546645724,M3,950.6216187400199,1178.3892985154762,0.03639381577607303
batch3-43,newstructure,5C(67%)-4C-newstructure,1046.0,1066.7548884874332,1.9842149605576638,1.9842149605576638,-4.316747985934323,True,998.8258020570838,1137.4251763429606,M3,959.5346451090348,1185.9561277045138,0.03589709762878358
batch3-44,newstructure,5.3C(54%)-4C-newstructure,940.0,933.1610713565148,0.7275456003707709,-0.7275456003707709,-4.131495550658464,False,854.0527434410419,1046.5441199175787,M3,842.7322799310506,1033.293260306207,0.03454171087046598
batch3-45,newstructure,4.8C(80%)-4.8C-newstructure,1801.0,1229.0242285104214,31.75878797832197,-31.75878797832197,-4.520850829796468,True,1150.7621141817451,1310.4445219139068,M3,1098.5068102932246,1375.048875539004,0.03804582826222073
batch3-00,newstructure,5C(67%)-4C-newstructure,1009.0,880.7335475604399,12.71223512780576,-12.71223512780576,-4.245114835175439,True,698.3930134556751,1097.673934671957,M4_RF,,,
batch3-01,newstructure,5.3C(54%)-4C-newstructure,1063.0,880.7335475604399,17.146420737493894,-17.146420737493894,-4.28554286571514,True,698.3930134556751,1097.673934671957,M4_RF,,,
batch3-02,newstructure,5.6C(19%)-4.6C-newstructure,1267.0,880.7335475604399,30.48669711440885,-30.48669711440885,-4.779380430348688,True,698.3930134556751,1097.673934671957,M4_RF,,,
batch3-03,newstructure,5.6C(36%)-4.3C-newstructure,1115.0,880.7335475604399,21.01044416498297,-21.01044416498297,-4.116607754064371,False,745.8037751611554,1041.1133812252585,M4_RF,,,
batch3-04,newstructure,5.6C(19%)-4.6C-newstructure,1048.0,886.3580712446745,15.423848163676093,-15.423848163676093,-4.178465676831106,False,750.5666129215708,1047.7621195262975,M4_RF,,,
batch3-05,newstructure,5.6C(36%)-4.3C-newstructure,828.0,880.7335475604399,6.368785937251194,6.368785937251194,-4.1144240024733305,False,745.8037751611554,1041.1133812252585,M4_RF,,,
batch3-06,newstructure,3.7C(31%)-5.9C-newstructure,667.0,605.1425055794464,9.273987169498293,-9.273987169498293,-3.525708207292945,False,512.4337166691839,715.3377566371256,M4_RF,,,
batch3-07,newstructure,4.8C(80%)-4.8C-newstructure,1836.0,880.7335475604399,52.02976320476906,-52.02976320476906,-4.488742147956798,True,698.3930134556751,1097.673934671957,M4_RF,,,
batch3-08,newstructure,5C(67%)-4C-newstructure,828.0,880.7335475604399,6.368785937251194,6.368785937251194,-4.09180376918313,False,745.8037751611554,1041.1133812252585,M4_RF,,,
batch3-09,newstructure,5.3C(54%)-4C-newstructure,1039.0,828.0637786111529,20.30184998930194,-20.30184998930194,-3.982297085804219,False,701.2030981141074,978.8525517257642,M4_RF,,,
batch3-10,newstructure,4.8C(80%)-4.8C-newstructure,1078.0,880.7335475604399,18.299299855246765,-18.299299855246765,-4.411356169152643,True,698.3930134556751,1097.673934671957,M4_RF,,,
batch3-11,newstructure,5.6C(19%)-4.6C-newstructure,817.0,820.7458863090571,0.45849281628606386,0.45849281628606386,-3.8849211244538937,False,695.006318486213,970.2020857372929,M4_RF,,,
batch3-12,newstructure,5.6C(36%)-4.3C-newstructure,932.0,859.3156221188696,7.798752991537601,-7.798752991537601,-3.9467899075468065,False,727.6671097704833,1015.7952940045902,M4_RF,,,
batch3-13,newstructure,5.6C(19%)-4.6C-newstructure,816.0,880.7335475604399,7.9330327892695935,7.9330327892695935,-4.09446632654511,False,745.8037751611554,1041.1133812252585,M4_RF,,,
batch3-14,newstructure,5.6C(36%)-4.3C-newstructure,858.0,837.5329577157553,2.385436163664885,-2.385436163664885,-3.999667656050397,False,709.2215840040241,990.0460495802826,M4_RF,,,
batch3-15,newstructure,5.9C(15%)-4.6C-newstructure,876.0,827.0003375795407,5.593568769458829,-5.593568769458829,-4.00068444530643,False,700.3025779304099,977.595460189712,M4_RF,,,
batch3-16,newstructure,4.8C(80%)-4.8C-newstructure,1638.0,880.7335475604399,46.2311631525983,-46.2311631525983,-4.694513647426703,True,698.3930134556751,1097.673934671957,M4_RF,,,
batch3-17,newstructure,5.3C(54%)-4C-newstructure,1315.0,880.7335475604399,33.02406482430115,-33.02406482430115,-4.439713059065326,True,698.3930134556751,1097.673934671957,M4_RF,,,
batch3-18,newstructure,5.6C(19%)-4.6C-newstructure,1146.0,880.7335475604399,23.147159898739975,-23.147159898739975,-4.254051992176569,True,698.3930134556751,1097.673934671957,M4_RF,,,
batch3-19,newstructure,5.6C(36%)-4.3C-newstructure,1155.0,886.3580712446745,23.25904145067753,-23.25904145067753,-4.1719419655681325,False,750.5666129215708,1047.7621195262975,M4_RF,,,
batch3-20,newstructure,5C(67%)-4C-newstructure,813.0,884.9084387721044,8.844826417233017,8.844826417233017,-4.066344726897455,False,749.3390664364464,1046.0485118532029,M4_RF,,,
batch3-21,newstructure,3.7C(31%)-5.9C-newstructure,772.0,672.4500234349018,12.89507468459821,-12.89507468459821,-3.70432665251622,False,569.4296163398283,794.9018401110368,M4_RF,,,
batch3-22,newstructure,5.9C(60%)-3.1C-newstructure,1002.0,868.6619987472499,13.307185753767477,-13.307185753767477,-4.046822403242366,False,735.5816067177517,1026.8436272953236,M4_RF,,,
batch3-24,newstructure,5C(67%)-4C-newstructure,825.0,880.7335475604399,6.755581522477562,6.755581522477562,-4.155254877463594,False,745.8037751611554,1041.1133812252585,M4_RF,,,
batch3-25,newstructure,5.3C(54%)-4C-newstructure,989.0,880.7335475604399,10.947062936254815,-10.947062936254815,-4.146560815946868,False,745.8037751611554,1041.1133812252585,M4_RF,,,
batch3-26,newstructure,5.6C(19%)-4.6C-newstructure,1028.0,892.5927363891931,13.171912802607677,-13.171912802607677,-4.219507406470884,True,707.7969638856256,1112.454253304911,M4_RF,,,
batch3-27,newstructure,5.6C(36%)-4.3C-newstructure,850.0,880.7335475604399,3.6157114776988104,3.6157114776988104,-4.130132317741366,False,745.8037751611554,1041.1133812252585,M4_RF,,,
batch3-28,newstructure,3.7C(31%)-5.9C-newstructure,541.0,599.9355476206645,10.893816565742046,10.893816565742046,-3.45165787760518,False,508.02447290468604,709.1826219526561,M4_RF,,,
batch3-29,newstructure,5.9C(15%)-4.6C-newstructure,858.0,885.3700900123345,3.189987180924762,3.189987180924762,-4.063576114758697,False,749.7299919765545,1046.5942288694266,M4_RF,,,
batch3-30,newstructure,5.3C(54%)-4C-newstructure,935.0,880.7335475604399,5.803898656637445,-5.803898656637445,-4.100225688314491,False,745.8037751611554,1041.1133812252585,M4_RF,,,
batch3-31,newstructure,5.9C(60%)-3.1C-newstructure,731.0,823.5642211891832,12.662684157207,12.662684157207,-3.8396031120794785,False,697.3928800054017,973.5336338140077,M4_RF,,,
batch3-33,newstructure,5C(67%)-4C-newstructure,1284.0,880.7335475604399,31.40704458252026,-31.40704458252026,-4.395898376921114,True,698.3930134556751,1097.673934671957,M4_RF,,,
batch3-34,newstructure,5.3C(54%)-4C-newstructure,1158.0,880.7335475604399,23.943562386835936,-23.943562386835936,-4.305659661363177,True,698.3930134556751,1097.673934671957,M4_RF,,,
batch3-35,newstructure,5.6C(19%)-4.6C-newstructure,1093.0,880.7335475604399,19.420535447352254,-19.420535447352254,-4.234858330386991,True,698.3930134556751,1097.673934671957,M4_RF,,,
batch3-36,newstructure,5.6C(36%)-4.3C-newstructure,923.0,880.7335475604399,4.5792472848927535,-4.5792472848927535,-4.2534578748541625,True,698.3930134556751,1097.673934671957,M4_RF,,,
batch3-37,newstructure,4.8C(80%)-4.8C-newstructure,1390.0,880.7335475604399,36.63787427622734,-36.63787427622734,-5.098855645354507,True,698.3930134556751,1097.673934671957,M4_RF,,,
batch3-38,newstructure,5C(67%)-4C-newstructure,1935.0,880.7335475604399,54.484054389641344,-54.484054389641344,-4.342052885751192,True,698.3930134556751,1097.673934671957,M4_RF,,,
batch3-39,newstructure,5.3C(54%)-4C-newstructure,1156.0,880.7335475604399,23.811976854633226,-23.811976854633226,-4.454635227756273,True,698.3930134556751,1097.673934671957,M4_RF,,,
batch3-40,newstructure,5.6C(19%)-4.6C-newstructure,796.0,880.7335475604399,10.644918035231141,10.644918035231141,-4.29510821174953,True,698.3930134556751,1097.673934671957,M4_RF,,,
batch3-41,newstructure,5.6C(36%)-4.3C-newstructure,786.0,880.7335475604399,12.052614193440188,12.052614193440188,-4.2195092012941755,True,698.3930134556751,1097.673934671957,M4_RF,,,
batch3-42,newstructure,4.8C(80%)-4.8C-newstructure,1642.0,880.7335475604399,46.362146920801464,-46.362146920801464,-4.346194968957672,True,698.3930134556751,1097.673934671957,M4_RF,,,
batch3-43,newstructure,5C(67%)-4C-newstructure,1046.0,880.7335475604399,15.79985204967114,-15.79985204967114,-4.316747985934323,True,698.3930134556751,1097.673934671957,M4_RF,,,
batch3-44,newstructure,5.3C(54%)-4C-newstructure,940.0,880.7335475604399,6.304941748889374,-6.304941748889374,-4.131495550658464,False,745.8037751611554,1041.1133812252585,M4_RF,,,
batch3-45,newstructure,4.8C(80%)-4.8C-newstructure,1801.0,880.7335475604399,51.0975265096924,-51.0975265096924,-4.520850829796468,True,698.3930134556751,1097.673934671957,M4_RF,,,
batch3-00,newstructure,5C(67%)-4C-newstructure,1009.0,833.1711626908296,17.426049287331054,-17.426049287331054,-4.245114835175439,True,656.893014200404,999.9345172310675,M4_GBR,,,
batch3-01,newstructure,5.3C(54%)-4C-newstructure,1063.0,826.9641662838723,22.204688025976267,-22.204688025976267,-4.28554286571514,True,651.9992627583484,992.4851596037572,M4_GBR,,,
batch3-02,newstructure,5.6C(19%)-4.6C-newstructure,1267.0,826.9641662838723,34.730531469307635,-34.730531469307635,-4.779380430348688,True,651.9992627583484,992.4851596037572,M4_GBR,,,
batch3-03,newstructure,5.6C(36%)-4.3C-newstructure,1115.0,826.9641662838723,25.83281019875585,-25.83281019875585,-4.116607754064371,False,710.6113605638391,954.6650463919714,M4_GBR,,,
batch3-04,newstructure,5.6C(19%)-4.6C-newstructure,1048.0,893.8059750751212,14.713170317259431,-14.713170317259431,-4.178465676831106,False,768.0486119276334,1031.8286540696422,M4_GBR,,,
batch3-05,newstructure,5.6C(36%)-4.3C-newstructure,828.0,826.9641662838723,0.12510069035359184,-0.12510069035359184,-4.1144240024733305,False,710.6113605638391,954.6650463919714,M4_GBR,,,
batch3-06,newstructure,3.7C(31%)-5.9C-newstructure,667.0,598.4476688816292,10.27771081234945,-10.27771081234945,-3.525708207292945,False,514.2468435134732,690.8607348047187,M4_GBR,,,
batch3-07,newstructure,4.8C(80%)-4.8C-newstructure,1836.0,826.9641662838723,54.95837874270848,-54.95837874270848,-4.488742147956798,True,651.9992627583484,992.4851596037572,M4_GBR,,,
batch3-08,newstructure,5C(67%)-4C-newstructure,828.0,826.9641662838723,0.12510069035359184,-0.12510069035359184,-4.09180376918313,False,710.6113605638391,954.6650463919714,M4_GBR,,,
batch3-09,newstructure,5.3C(54%)-4C-newstructure,1039.0,805.6045773459686,22.463467050436137,-22.463467050436137,-3.982297085804219,False,692.2570386051801,930.0070820016285,M4_GBR,,,
batch3-10,newstructure,4.8C(80%)-4.8C-newstructure,1078.0,826.9641662838723,23.287183090549885,-23.287183090549885,-4.411356169152643,True,651.9992627583484,992.4851596037572,M4_GBR,,,
batch3-11,newstructure,5.6C(19%)-4.6C-newstructure,817.0,729.5318762075991,10.706012704088236,-10.706012704088236,-3.8849211244538937,False,626.8876696993617,842.1871355972103,M4_GBR,,,
batch3-12,newstructure,5.6C(36%)-4.3C-newstructure,932.0,901.5764185658361,3.2643327719059987,-3.2643327719059987,-3.9467899075468065,False,774.725763908637,1040.7990195316484,M4_GBR,,,
batch3-13,newstructure,5.6C(19%)-4.6C-newstructure,816.0,826.9641662838723,1.3436478289059142,1.3436478289059142,-4.09446632654511,False,710.6113605638391,954.6650463919714,M4_GBR,,,
batch3-14,newstructure,5.6C(36%)-4.3C-newstructure,858.0,857.4274902013356,0.06672608376042441,-0.06672608376042441,-3.999667656050397,False,736.7885335767438,989.8325563357283,M4_GBR,,,
batch3-15,newstructure,5.9C(15%)-4.6C-newstructure,876.0,772.6144617258287,11.80200208609261,-11.80200208609261,-4.00068444530643,False,663.9085902663212,891.9225899002305,M4_GBR,,,
batch3-16,newstructure,4.8C(80%)-4.8C-newstructure,1638.0,826.9641662838723,49.51378716215676,-49.51378716215676,-4.694513647426703,True,651.9992627583484,992.4851596037572,M4_GBR,,,
batch3-17,newstructure,5.3C(54%)-4C-newstructure,1315.0,831.392041899342,36.77627057799681,-36.77627057799681,-4.439713059065326,True,655.4903108044144,997.7992965592592,M4_GBR,,,
batch3-18,newstructure,5.6C(19%)-4.6C-newstructure,1146.0,831.392041899342,27.45270140494398,-27.45270140494398,-4.254051992176569,True,655.4903108044144,997.7992965592592,M4_GBR,,,
batch3-19,newstructure,5.6C(36%)-4.3C-newstructure,1155.0,893.8059750751212,22.6142012921973,-22.6142012921973,-4.1719419655681325,False,768.0486119276334,1031.8286540696422,M4_GBR,,,
batch3-20,newstructure,5C(67%)-4C-newstructure,813.0,836.0190779871231,2.831374906165199,2.831374906165199,-4.066344726897455,False,718.3922577146155,965.1182293153676,M4_GBR,,,
batch3-21,newstructure,3.7C(31%)-5.9C-newstructure,772.0,650.5603005627062,15.730531015193499,-15.730531015193499,-3.70432665251622,False,559.0272942406942,751.0206667217027,M4_GBR,,,
batch3-22,newstructure,5.9C(60%)-3.1C-newstructure,1002.0,831.0097780291256,17.06489241226291,-17.06489241226291,-4.046822403242366,False,714.0877598853796,959.3353867548698,M4_GBR,,,
batch3-24,newstructure,5C(67%)-4C-newstructure,825.0,826.9641662838723,0.238080761681486,0.238080761681486,-4.155254877463594,False,710.6113605638391,954.6650463919714,M4_GBR,,,
batch3-25,newstructure,5.3C(54%)-4C-newstructure,989.0,826.9641662838723,16.383805229133237,-16.383805229133237,-4.146560815946868,False,710.6113605638391,954.6650463919714,M4_GBR,,,
batch3-26,newstructure,5.6C(19%)-4.6C-newstructure,1028.0,920.6031977957829,10.447159747491938,-10.447159747491938,-4.219507406470884,True,725.8266207024337,1104.8665092731912,M4_GBR,,,
batch3-27,newstructure,5.6C(36%)-4.3C-newstructure,850.0,826.9641662838723,2.710098084250322,-2.710098084250322,-4.130132317741366,False,710.6113605638391,954.6650463919714,M4_GBR,,,
batch3-28,newstructure,3.7C(31%)-5.9C-newstructure,541.0,587.780018087658,8.646953435796313,8.646953435796313,-3.45165787760518,False,505.08011760951,678.5457715265833,M4_GBR,,,
batch3-29,newstructure,5.9C(15%)-4.6C-newstructure,858.0,844.1077684844475,1.6191412022788405,-1.6191412022788405,-4.063576114758697,False,725.3428797534312,974.4559858998866,M4_GBR,,,
batch3-30,newstructure,5.3C(54%)-4C-newstructure,935.0,862.4414003362809,7.760278038900435,-7.760278038900435,-4.100225688314491,False,741.0969929368987,995.6207209826831,M4_GBR,,,
batch3-31,newstructure,5.9C(60%)-3.1C-newstructure,731.0,732.0212322808751,0.1397034583960461,0.1397034583960461,-3.8396031120794785,False,629.0267765413278,845.0609012669605,M4_GBR,,,
batch3-33,newstructure,5C(67%)-4C-newstructure,1284.0,826.9641662838723,35.59469109938689,-35.59469109938689,-4.395898376921114,True,651.9992627583484,992.4851596037572,M4_GBR,,,
batch3-34,newstructure,5.3C(54%)-4C-newstructure,1158.0,826.9641662838723,28.58685956097822,-28.58685956097822,-4.305659661363177,True,651.9992627583484,992.4851596037572,M4_GBR,,,
batch3-35,newstructure,5.6C(19%)-4.6C-newstructure,1093.0,826.9641662838723,24.339966488209306,-24.339966488209306,-4.234858330386991,True,651.9992627583484,992.4851596037572,M4_GBR,,,
batch3-36,newstructure,5.6C(36%)-4.3C-newstructure,923.0,826.9641662838723,10.404749048334534,-10.404749048334534,-4.2534578748541625,True,651.9992627583484,992.4851596037572,M4_GBR,,,
batch3-37,newstructure,4.8C(80%)-4.8C-newstructure,1390.0,826.9641662838723,40.5061750874912,-40.5061750874912,-5.098855645354507,True,651.9992627583484,992.4851596037572,M4_GBR,,,
batch3-38,newstructure,5C(67%)-4C-newstructure,1935.0,862.4414003362809,55.42938499554104,-55.42938499554104,-4.342052885751192,True,679.9704027302533,1035.0633386063985,M4_GBR,,,
batch3-39,newstructure,5.3C(54%)-4C-newstructure,1156.0,826.9641662838723,28.463307414889943,-28.463307414889943,-4.454635227756273,True,651.9992627583484,992.4851596037572,M4_GBR,,,
batch3-40,newstructure,5.6C(19%)-4.6C-newstructure,796.0,826.9641662838723,3.8899706386774193,3.8899706386774193,-4.29510821174953,True,651.9992627583484,992.4851596037572,M4_GBR,,,
batch3-41,newstructure,5.6C(36%)-4.3C-newstructure,786.0,826.9641662838723,5.211725990314537,5.211725990314537,-4.2195092012941755,True,651.9992627583484,992.4851596037572,M4_GBR,,,
batch3-42,newstructure,4.8C(80%)-4.8C-newstructure,1642.0,826.9641662838723,49.636774282346394,-49.636774282346394,-4.346194968957672,True,651.9992627583484,992.4851596037572,M4_GBR,,,
batch3-43,newstructure,5C(67%)-4C-newstructure,1046.0,862.4414003362809,17.548623294810618,-17.548623294810618,-4.316747985934323,True,679.9704027302533,1035.0633386063985,M4_GBR,,,
batch3-44,newstructure,5.3C(54%)-4C-newstructure,940.0,862.4414003362809,8.250914857842453,-8.250914857842453,-4.131495550658464,False,741.0969929368987,995.6207209826831,M4_GBR,,,
batch3-45,newstructure,4.8C(80%)-4.8C-newstructure,1801.0,833.1711626908296,53.73841406491784,-53.73841406491784,-4.520850829796468,True,656.893014200404,999.9345172310675,M4_GBR,,,
batch3-00,newstructure,5C(67%)-4C-newstructure,1009.0,772.3444827277528,23.45446157306711,-23.45446157306711,-4.245114835175439,True,489.82417313137745,1134.3213867628792,C0,,,
batch3-01,newstructure,5.3C(54%)-4C-newstructure,1063.0,772.3444827277528,27.342946121566055,-27.342946121566055,-4.28554286571514,True,489.82417313137745,1134.3213867628792,C0,,,
batch3-02,newstructure,5.6C(19%)-4.6C-newstructure,1267.0,772.3444827277528,39.04147729062724,-39.04147729062724,-4.779380430348688,True,489.82417313137745,1134.3213867628792,C0,,,
batch3-03,newstructure,5.6C(36%)-4.3C-newstructure,1115.0,772.3444827277528,30.73143652665894,-30.73143652665894,-4.116607754064371,False,623.3643286990491,1037.6700560709453,C0,,,
batch3-04,newstructure,5.6C(19%)-4.6C-newstructure,1048.0,772.3444827277528,26.303007373306027,-26.303007373306027,-4.178465676831106,False,623.3643286990491,1037.6700560709453,C0,,,
batch3-05,newstructure,5.6C(36%)-4.3C-newstructure,828.0,772.3444827277528,6.72168082998154,-6.72168082998154,-4.1144240024733305,False,623.3643286990491,1037.6700560709453,C0,,,
batch3-06,newstructure,3.7C(31%)-5.9C-newstructure,667.0,772.3444827277528,15.793775521402226,15.793775521402226,-3.525708207292945,False,623.3643286990491,1037.6700560709453,C0,,,
batch3-07,newstructure,4.8C(80%)-4.8C-newstructure,1836.0,772.3444827277528,57.93330704097207,-57.93330704097207,-4.488742147956798,True,489.82417313137745,1134.3213867628792,C0,,,
batch3-08,newstructure,5C(67%)-4C-newstructure,828.0,772.3444827277528,6.72168082998154,-6.72168082998154,-4.09180376918313,False,623.3643286990491,1037.6700560709453,C0,,,
batch3-09,newstructure,5.3C(54%)-4C-newstructure,1039.0,772.3444827277528,25.664631113787024,-25.664631113787024,-3.982297085804219,False,623.3643286990491,1037.6700560709453,C0,,,
batch3-10,newstructure,4.8C(80%)-4.8C-newstructure,1078.0,772.3444827277528,28.353944088334615,-28.353944088334615,-4.411356169152643,True,489.82417313137745,1134.3213867628792,C0,,,
batch3-11,newstructure,5.6C(19%)-4.6C-newstructure,817.0,772.3444827277528,5.465791587790349,-5.465791587790349,-3.8849211244538937,False,623.3643286990491,1037.6700560709453,C0,,,
batch3-12,newstructure,5.6C(36%)-4.3C-newstructure,932.0,772.3444827277528,17.130420308181023,-17.130420308181023,-3.9467899075468065,False,623.3643286990491,1037.6700560709453,C0,,,
batch3-13,newstructure,5.6C(19%)-4.6C-newstructure,816.0,772.3444827277528,5.34994084218715,-5.34994084218715,-4.09446632654511,False,623.3643286990491,1037.6700560709453,C0,,,
batch3-14,newstructure,5.6C(36%)-4.3C-newstructure,858.0,772.3444827277528,9.983160521240928,-9.983160521240928,-3.999667656050397,False,623.3643286990491,1037.6700560709453,C0,,,
batch3-15,newstructure,5.9C(15%)-4.6C-newstructure,876.0,772.3444827277528,11.832821606420909,-11.832821606420909,-4.00068444530643,False,623.3643286990491,1037.6700560709453,C0,,,
batch3-16,newstructure,4.8C(80%)-4.8C-newstructure,1638.0,772.3444827277528,52.84832217779286,-52.84832217779286,-4.694513647426703,True,489.82417313137745,1134.3213867628792,C0,,,
batch3-17,newstructure,5.3C(54%)-4C-newstructure,1315.0,772.3444827277528,41.266579260246935,-41.266579260246935,-4.439713059065326,True,489.82417313137745,1134.3213867628792,C0,,,
batch3-18,newstructure,5.6C(19%)-4.6C-newstructure,1146.0,772.3444827277528,32.60519347925368,-32.60519347925368,-4.254051992176569,True,489.82417313137745,1134.3213867628792,C0,,,
batch3-19,newstructure,5.6C(36%)-4.3C-newstructure,1155.0,772.3444827277528,33.130347815778975,-33.130347815778975,-4.1719419655681325,False,623.3643286990491,1037.6700560709453,C0,,,
batch3-20,newstructure,5C(67%)-4C-newstructure,813.0,772.3444827277528,5.000678631272713,-5.000678631272713,-4.066344726897455,False,623.3643286990491,1037.6700560709453,C0,,,
batch3-21,newstructure,3.7C(31%)-5.9C-newstructure,772.0,772.3444827277528,0.04462211499389217,0.04462211499389217,-3.70432665251622,False,623.3643286990491,1037.6700560709453,C0,,,
batch3-22,newstructure,5.9C(60%)-3.1C-newstructure,1002.0,772.3444827277528,22.919712302619477,-22.919712302619477,-4.046822403242366,False,623.3643286990491,1037.6700560709453,C0,,,
batch3-24,newstructure,5C(67%)-4C-newstructure,825.0,772.3444827277528,6.382486942090564,-6.382486942090564,-4.155254877463594,False,623.3643286990491,1037.6700560709453,C0,,,
batch3-25,newstructure,5.3C(54%)-4C-newstructure,989.0,772.3444827277528,21.90652348556594,-21.90652348556594,-4.146560815946868,False,623.3643286990491,1037.6700560709453,C0,,,
batch3-26,newstructure,5.6C(19%)-4.6C-newstructure,1028.0,772.3444827277528,24.869213742436493,-24.869213742436493,-4.219507406470884,True,489.82417313137745,1134.3213867628792,C0,,,
batch3-27,newstructure,5.6C(36%)-4.3C-newstructure,850.0,772.3444827277528,9.135943208499665,-9.135943208499665,-4.130132317741366,False,623.3643286990491,1037.6700560709453,C0,,,
batch3-28,newstructure,3.7C(31%)-5.9C-newstructure,541.0,772.3444827277528,42.76238128054581,42.76238128054581,-3.45165787760518,False,623.3643286990491,1037.6700560709453,C0,,,
batch3-29,newstructure,5.9C(15%)-4.6C-newstructure,858.0,772.3444827277528,9.983160521240928,-9.983160521240928,-4.063576114758697,False,623.3643286990491,1037.6700560709453,C0,,,
batch3-30,newstructure,5.3C(54%)-4C-newstructure,935.0,772.3444827277528,17.39631200772697,-17.39631200772697,-4.100225688314491,False,623.3643286990491,1037.6700560709453,C0,,,
batch3-31,newstructure,5.9C(60%)-3.1C-newstructure,731.0,772.3444827277528,5.655879990116668,5.655879990116668,-3.8396031120794785,False,623.3643286990491,1037.6700560709453,C0,,,
batch3-33,newstructure,5C(67%)-4C-newstructure,1284.0,772.3444827277528,39.848560535221736,-39.848560535221736,-4.395898376921114,True,489.82417313137745,1134.3213867628792,C0,,,
batch3-34,newstructure,5.3C(54%)-4C-newstructure,1158.0,772.3444827277528,33.303585256670736,-33.303585256670736,-4.305659661363177,True,489.82417313137745,1134.3213867628792,C0,,,
batch3-35,newstructure,5.6C(19%)-4.6C-newstructure,1093.0,772.3444827277528,29.33719279709489,-29.33719279709489,-4.234858330386991,True,489.82417313137745,1134.3213867628792,C0,,,
batch3-36,newstructure,5.6C(36%)-4.3C-newstructure,923.0,772.3444827277528,16.32237456904086,-16.32237456904086,-4.2534578748541625,True,489.82417313137745,1134.3213867628792,C0,,,
batch3-37,newstructure,4.8C(80%)-4.8C-newstructure,1390.0,772.3444827277528,44.4356487246221,-44.4356487246221,-5.098855645354507,True,489.82417313137745,1134.3213867628792,C0,,,
batch3-38,newstructure,5C(67%)-4C-newstructure,1935.0,772.3444827277528,60.085556448178146,-60.085556448178146,-4.342052885751192,True,489.82417313137745,1134.3213867628792,C0,,,
batch3-39,newstructure,5.3C(54%)-4C-newstructure,1156.0,772.3444827277528,33.18819353566152,-33.18819353566152,-4.454635227756273,True,489.82417313137745,1134.3213867628792,C0,,,
batch3-40,newstructure,5.6C(19%)-4.6C-newstructure,796.0,772.3444827277528,2.971798652292356,-2.971798652292356,-4.29510821174953,True,489.82417313137745,1134.3213867628792,C0,,,
batch3-41,newstructure,5.6C(36%)-4.3C-newstructure,786.0,772.3444827277528,1.7373431644080346,-1.7373431644080346,-4.2195092012941755,True,489.82417313137745,1134.3213867628792,C0,,,
batch3-42,newstructure,4.8C(80%)-4.8C-newstructure,1642.0,772.3444827277528,52.96318619197608,-52.96318619197608,-4.346194968957672,True,489.82417313137745,1134.3213867628792,C0,,,
batch3-43,newstructure,5C(67%)-4C-newstructure,1046.0,772.3444827277528,26.162095341515023,-26.162095341515023,-4.316747985934323,True,489.82417313137745,1134.3213867628792,C0,,,
batch3-44,newstructure,5.3C(54%)-4C-newstructure,940.0,772.3444827277528,17.835693326834804,-17.835693326834804,-4.131495550658464,False,623.3643286990491,1037.6700560709453,C0,,,
batch3-45,newstructure,4.8C(80%)-4.8C-newstructure,1801.0,772.3444827277528,57.11579773860339,-57.11579773860339,-4.520850829796468,True,489.82417313137745,1134.3213867628792,C0,,,
batch3-00,newstructure,5C(67%)-4C-newstructure,1009.0,1018.3455095434647,0.9262150191739035,0.9262150191739035,-4.245114835175439,True,964.9880775175302,1085.3761990709295,M1_huber,,,
batch3-01,newstructure,5.3C(54%)-4C-newstructure,1063.0,1032.0531960303852,2.9112703640277373,-2.9112703640277373,-4.28554286571514,True,977.9775333616047,1099.9861683964677,M1_huber,,,
batch3-02,newstructure,5.6C(19%)-4.6C-newstructure,1267.0,1468.1168159488943,15.873466136455747,15.873466136455747,-4.779380430348688,True,1391.193077906152,1564.7528609431304,M1_huber,,,
batch3-03,newstructure,5.6C(36%)-4.3C-newstructure,1115.0,892.1180424043835,19.989413237275024,-19.989413237275024,-4.116607754064371,False,814.0048724300849,1004.9448248954168,M1_huber,,,
batch3-04,newstructure,5.6C(19%)-4.6C-newstructure,1048.0,990.9305588187538,5.445557364622734,-5.445557364622734,-4.178465676831106,False,904.1654408696544,1116.2542282316438,M1_huber,,,
batch3-05,newstructure,5.6C(36%)-4.3C-newstructure,828.0,795.9704239063634,3.8683062915020034,-3.8683062915020034,-4.1144240024733305,False,726.2758654939589,896.6373509481447,M1_huber,,,
batch3-06,newstructure,3.7C(31%)-5.9C-newstructure,667.0,554.349471805026,16.889134661915136,-16.889134661915136,-3.525708207292945,False,505.8110582117266,624.4584308288745,M1_huber,,,
batch3-07,newstructure,4.8C(80%)-4.8C-newstructure,1836.0,1219.9356339710262,33.55470403207919,-33.55470403207919,-4.488742147956798,True,1156.0156460537562,1300.235616597613,M1_huber,,,
batch3-08,newstructure,5C(67%)-4C-newstructure,828.0,876.9292685295457,5.909331948012761,5.909331948012761,-4.09180376918313,False,800.1460159193089,987.8351163406086,M1_huber,,,
batch3-09,newstructure,5.3C(54%)-4C-newstructure,1039.0,833.7810274912082,19.75158541951798,-19.75158541951798,-3.982297085804219,False,760.7758016959385,939.2298875774377,M1_huber,,,
batch3-10,newstructure,4.8C(80%)-4.8C-newstructure,1078.0,1101.6184527710375,2.190951091932976,2.190951091932976,-4.411356169152643,True,1043.8978351993085,1174.130428120667,M1_huber,,,
batch3-11,newstructure,5.6C(19%)-4.6C-newstructure,817.0,760.7066569673268,6.8902500651986776,-6.8902500651986776,-3.8849211244538937,False,694.0997668789696,856.9137511471675,M1_huber,,,
batch3-12,newstructure,5.6C(36%)-4.3C-newstructure,932.0,843.6602275739077,9.478516354730932,-9.478516354730932,-3.9467899075468065,False,769.7899866140639,950.3585168902781,M1_huber,,,
batch3-13,newstructure,5.6C(19%)-4.6C-newstructure,816.0,874.4055807362705,7.157546658856679,7.157546658856679,-4.09446632654511,False,797.8433002891198,984.9922560161293,M1_huber,,,
batch3-14,newstructure,5.6C(36%)-4.3C-newstructure,858.0,874.0809754192139,1.8742395593489427,1.8742395593489427,-3.999667656050397,False,797.5471171640833,984.6265976413358,M1_huber,,,
batch3-15,newstructure,5.9C(15%)-4.6C-newstructure,876.0,829.457485198287,5.313072465948969,-5.313072465948969,-4.00068444530643,False,756.8308254424484,934.3595439166622,M1_huber,,,
batch3-16,newstructure,4.8C(80%)-4.8C-newstructure,1638.0,1380.261345949378,15.734960564751038,-15.734960564751038,-4.694513647426703,True,1307.9409004283527,1471.1144688630059,M1_huber,,,
batch3-17,newstructure,5.3C(54%)-4C-newstructure,1315.0,1177.8407681935082,10.430359833193293,-10.430359833193293,-4.439713059065326,True,1116.1263911600843,1255.3699349700814,M1_huber,,,
batch3-18,newstructure,5.6C(19%)-4.6C-newstructure,1146.0,1020.026012192455,10.992494573084203,-10.992494573084203,-4.254051992176569,True,966.5805282185102,1087.167317665352,M1_huber,,,
batch3-19,newstructure,5.6C(36%)-4.3C-newstructure,1155.0,987.8467940834829,14.472139040391092,-14.472139040391092,-4.1719419655681325,False,901.3516882039498,1112.78045764905,M1_huber,,,
batch3-20,newstructure,5C(67%)-4C-newstructure,813.0,857.1497758378246,5.430476732819749,5.430476732819749,-4.066344726897455,False,782.098400402126,965.5540976022927,M1_huber,,,
batch3-21,newstructure,3.7C(31%)-5.9C-newstructure,772.0,665.8268713365575,13.75299594086043,-13.75299594086043,-3.70432665251622,False,607.5275823388885,750.0344537619815,M1_huber,,,
batch3-22,newstructure,5.9C(60%)-3.1C-newstructure,1002.0,792.9729327021655,20.860984760262923,-20.860984760262923,-4.046822403242366,False,723.5408323152695,893.2607649694444,M1_huber,,,
batch3-24,newstructure,5C(67%)-4C-newstructure,825.0,802.7563358148494,2.6962017194121914,-2.6962017194121914,-4.155254877463594,False,732.4676081724297,904.2814818035747,M1_huber,,,
batch3-25,newstructure,5.3C(54%)-4C-newstructure,989.0,897.1461874801474,9.287544238609966,-9.287544238609966,-4.146560815946868,False,818.5927569884178,1010.6088829376617,M1_huber,,,
batch3-26,newstructure,5.6C(19%)-4.6C-newstructure,1028.0,1033.1578993638218,0.5017411832511477,0.5017411832511477,-4.219507406470884,True,979.0243544414543,1101.1635867617572,M1_huber,,,
batch3-27,newstructure,5.6C(36%)-4.3C-newstructure,850.0,878.1810478056144,3.315417388895813,3.315417388895813,-4.130132317741366,False,801.2881903642744,989.2452090027929,M1_huber,,,
batch3-28,newstructure,3.7C(31%)-5.9C-newstructure,541.0,474.50607898489665,12.290928098910046,-12.290928098910046,-3.45165787760518,False,432.9586914870614,534.51718919629,M1_huber,,,
batch3-29,newstructure,5.9C(15%)-4.6C-newstructure,858.0,860.6913715069257,0.3136796628118587,0.3136796628118587,-4.063576114758697,False,785.3298966770537,969.5436013118499,M1_huber,,,
batch3-30,newstructure,5.3C(54%)-4C-newstructure,935.0,917.7232179047353,1.8477841813117333,-1.8477841813117333,-4.100225688314491,False,837.3680784476875,1033.7883045545286,M1_huber,,,
batch3-31,newstructure,5.9C(60%)-3.1C-newstructure,731.0,738.6639043107564,1.0484137224016934,1.0484137224016934,-3.8396031120794785,False,673.9870606995711,832.0832363994016,M1_huber,,,
batch3-33,newstructure,5C(67%)-4C-newstructure,1284.0,1079.2032485014151,15.949902764687293,-15.949902764687293,-4.395898376921114,True,1022.6571023904579,1150.239784931728,M1_huber,,,
batch3-34,newstructure,5.3C(54%)-4C-newstructure,1158.0,1009.7494737401647,12.80229069601341,-12.80229069601341,-4.305659661363177,True,956.842441300391,1076.2143452798266,M1_huber,,,
batch3-35,newstructure,5.6C(19%)-4.6C-newstructure,1093.0,968.946079451295,11.349855493934587,-11.349855493934587,-4.234858330386991,True,918.1769897007092,1032.725143837479,M1_huber,,,
batch3-36,newstructure,5.6C(36%)-4.3C-newstructure,923.0,940.7698771633554,1.9252304619019969,1.9252304619019969,-4.2534578748541625,True,891.4771132611565,1002.6942957049552,M1_huber,,,
batch3-37,newstructure,4.8C(80%)-4.8C-newstructure,1390.0,1674.071716725298,20.436814152899142,20.436814152899142,-5.098855645354507,True,1586.3567251093832,1784.2643580625495,M1_huber,,,
batch3-38,newstructure,5C(67%)-4C-newstructure,1935.0,1116.6720199856456,42.29085168032839,-42.29085168032839,-4.342052885751192,True,1058.1626527392004,1190.1748682568787,M1_huber,,,
batch3-39,newstructure,5.3C(54%)-4C-newstructure,1156.0,1023.5365380031988,11.458776989342669,-11.458776989342669,-4.454635227756273,True,969.9071158269771,1090.908917275207,M1_huber,,,
batch3-40,newstructure,5.6C(19%)-4.6C-newstructure,796.0,974.6726061240365,22.446307302014638,22.446307302014638,-4.29510821174953,True,923.6034681532524,1038.8286084236045,M1_huber,,,
batch3-41,newstructure,5.6C(36%)-4.3C-newstructure,786.0,889.3236155391567,13.145498160198049,13.145498160198049,-4.2195092012941755,True,842.726440100673,947.8616800801124,M1_huber,,,
batch3-42,newstructure,4.8C(80%)-4.8C-newstructure,1642.0,1078.1737584889145,34.33777353904296,-34.33777353904296,-4.346194968957672,True,1021.6815537395566,1149.1425306636256,M1_huber,,,
batch3-43,newstructure,5C(67%)-4C-newstructure,1046.0,1087.4372852222018,3.9614995432315303,3.9614995432315303,-4.316747985934323,True,1030.4597069003582,1159.015811727412,M1_huber,,,
batch3-44,newstructure,5.3C(54%)-4C-newstructure,940.0,943.2497498473272,0.3457180688645921,0.3457180688645921,-4.131495550658464,False,860.65952687699,1062.5431945510334,M1_huber,,,
batch3-45,newstructure,4.8C(80%)-4.8C-newstructure,1801.0,1264.0565690070962,29.813627484336692,-29.813627484336692,-4.520850829796468,True,1197.824811881787,1347.2607297052198,M1_huber,,,
batch3-00,newstructure,5C(67%)-4C-newstructure,1009.0,1033.1638795807767,2.394834448045259,2.394834448045259,-4.245114835175439,True,954.6578603846632,1111.100471002216,M2_discharge,,,
batch3-01,newstructure,5.3C(54%)-4C-newstructure,1063.0,1044.3280232905088,1.7565359087009613,-1.7565359087009613,-4.28554286571514,True,964.9736851609653,1123.106780532949,M2_discharge,,,
batch3-02,newstructure,5.6C(19%)-4.6C-newstructure,1267.0,987.2317437234829,22.08115677004871,-22.08115677004871,-4.779380430348688,True,912.2159250759933,1061.7034500708558,M2_discharge,,,
batch3-03,newstructure,5.6C(36%)-4.3C-newstructure,1115.0,897.6006892558831,19.4976960308625,-19.4976960308625,-4.116607754064371,False,811.3501529983956,1012.7569608444371,M2_discharge,,,
batch3-04,newstructure,5.6C(19%)-4.6C-newstructure,1048.0,983.9908530290706,6.107743031577228,-6.107743031577228,-4.178465676831106,False,889.4390776549035,1110.2304150842263,M2_discharge,,,
batch3-05,newstructure,5.6C(36%)-4.3C-newstructure,828.0,869.4037968878812,5.0004585613383075,5.0004585613383075,-4.1144240024733305,False,785.8627027204516,980.9425924268405,M2_discharge,,,
batch3-06,newstructure,3.7C(31%)-5.9C-newstructure,667.0,577.2451116185299,13.456505004718156,-13.456505004718156,-3.525708207292945,False,521.7775735193939,651.3018671918968,M2_discharge,,,
batch3-07,newstructure,4.8C(80%)-4.8C-newstructure,1836.0,1211.9163576213887,33.991483789684715,-33.991483789684715,-4.488742147956798,True,1119.827647673346,1303.3371204525697,M2_discharge,,,
batch3-08,newstructure,5C(67%)-4C-newstructure,828.0,910.4827071710741,9.961679610033109,9.961679610033109,-4.09180376918313,False,822.9943365774913,1027.2916570289376,M2_discharge,,,
batch3-09,newstructure,5.3C(54%)-4C-newstructure,1039.0,854.2972764429527,17.77697050597183,-17.77697050597183,-3.982297085804219,False,772.2077692728992,963.8980046520436,M2_discharge,,,
batch3-10,newstructure,4.8C(80%)-4.8C-newstructure,1078.0,1143.7631143936885,6.10047443355181,6.10047443355181,-4.411356169152643,True,1056.8530986749506,1230.042745622748,M2_discharge,,,
batch3-11,newstructure,5.6C(19%)-4.6C-newstructure,817.0,800.1149993220778,2.0667075493172855,-2.0667075493172855,-3.8849211244538937,False,723.2318723534494,902.7644973303649,M2_discharge,,,
batch3-12,newstructure,5.6C(36%)-4.3C-newstructure,932.0,863.98039755417,7.298240605775745,-7.298240605775745,-3.9467899075468065,False,780.9604383485004,974.82340658797,M2_discharge,,,
batch3-13,newstructure,5.6C(19%)-4.6C-newstructure,816.0,887.7856422286158,8.797260077036245,8.797260077036245,-4.09446632654511,False,802.4782347806616,1001.6827077641269,M2_discharge,,,
batch3-14,newstructure,5.6C(36%)-4.3C-newstructure,858.0,886.4341193353181,3.313999922531245,3.313999922531245,-3.999667656050397,False,801.2565798517122,1000.157793362532,M2_discharge,,,
batch3-15,newstructure,5.9C(15%)-4.6C-newstructure,876.0,862.5200570886873,1.538806268414694,-1.538806268414694,-4.00068444530643,False,779.6404221383062,973.1757140345624,M2_discharge,,,
batch3-16,newstructure,4.8C(80%)-4.8C-newstructure,1638.0,1353.2848265573987,17.381878720549533,-17.381878720549533,-4.694513647426703,True,1250.454088209642,1455.369702624721,M2_discharge,,,
batch3-17,newstructure,5.3C(54%)-4C-newstructure,1315.0,1131.5912873134064,13.947430622554648,-13.947430622554648,-4.439713059065326,True,1045.6061603846292,1216.952738249139,M2_discharge,,,
batch3-18,newstructure,5.6C(19%)-4.6C-newstructure,1146.0,1018.0822870972493,11.162104092735667,-11.162104092735667,-4.254051992176569,True,940.7222582056944,1094.8812004265642,M2_discharge,,,
batch3-19,newstructure,5.6C(36%)-4.3C-newstructure,1155.0,1001.4145465143368,13.297441860230578,-13.297441860230578,-4.1719419655681325,False,905.1885267632673,1129.8894539776254,M2_discharge,,,
batch3-20,newstructure,5C(67%)-4C-newstructure,813.0,889.6583458337084,9.429070828254412,9.429070828254412,-4.066344726897455,False,804.1709901168592,1003.7956669389114,M2_discharge,,,
batch3-21,newstructure,3.7C(31%)-5.9C-newstructure,772.0,679.1639090243629,12.025400385445227,-12.025400385445227,-3.70432665251622,False,613.9029839145074,766.2961767430854,M2_discharge,,,
batch3-22,newstructure,5.9C(60%)-3.1C-newstructure,1002.0,846.5366592623083,15.515303466835503,-15.515303466835503,-4.046822403242366,False,765.1928705409277,955.1417512709746,M2_discharge,,,
batch3-24,newstructure,5C(67%)-4C-newstructure,825.0,863.0196408911142,4.608441320135061,4.608441320135061,-4.155254877463594,False,780.0920008852775,973.7393911567941,M2_discharge,,,
batch3-25,newstructure,5.3C(54%)-4C-newstructure,989.0,898.8873827719632,9.111488091813632,-9.111488091813632,-4.146560815946868,False,812.5132080111977,1014.208728685618,M2_discharge,,,
batch3-26,newstructure,5.6C(19%)-4.6C-newstructure,1028.0,1001.369082289894,2.59055619748113,-2.59055619748113,-4.219507406470884,True,925.2790234421692,1076.9072370501597,M2_discharge,,,
batch3-27,newstructure,5.6C(36%)-4.3C-newstructure,850.0,894.0141927812493,5.178140327205804,5.178140327205804,-4.130132317741366,False,808.1082833137426,1008.7103404338171,M2_discharge,,,
batch3-28,newstructure,3.7C(31%)-5.9C-newstructure,541.0,517.6410113785595,4.317742813574957,-4.317742813574957,-3.45165787760518,False,467.90083698399496,584.0509524639434,M2_discharge,,,
batch3-29,newstructure,5.9C(15%)-4.6C-newstructure,858.0,863.2328902743684,0.6098939713716086,0.6098939713716086,-4.063576114758697,False,780.2847591148567,973.9799990349649,M2_discharge,,,
batch3-30,newstructure,5.3C(54%)-4C-newstructure,935.0,917.4243850439441,1.8797449150861942,-1.8797449150861942,-4.100225688314491,False,829.2689879582603,1035.1239065691166,M2_discharge,,,
batch3-31,newstructure,5.9C(60%)-3.1C-newstructure,731.0,776.696571173644,6.251240926627083,6.251240926627083,-3.8396031120794785,False,702.0637232102426,876.3416386992922,M2_discharge,,,
batch3-33,newstructure,5C(67%)-4C-newstructure,1284.0,1093.4552558252199,14.839933346945495,-14.839933346945495,-4.395898376921114,True,1010.3679344423449,1175.939919870439,M2_discharge,,,
batch3-34,newstructure,5.3C(54%)-4C-newstructure,1158.0,1037.5847031887051,10.398557583013373,-10.398557583013373,-4.305659661363177,True,958.7427631673617,1115.854778900572,M2_discharge,,,
batch3-35,newstructure,5.6C(19%)-4.6C-newstructure,1093.0,996.4081689527562,8.837312996088178,-8.837312996088178,-4.234858330386991,True,920.695070203398,1071.5720978196518,M2_discharge,,,
batch3-36,newstructure,5.6C(36%)-4.3C-newstructure,923.0,962.3512997396865,4.263412756195722,4.263412756195722,-4.2534578748541625,True,889.2260471985074,1034.9461528254685,M2_discharge,,,
batch3-37,newstructure,4.8C(80%)-4.8C-newstructure,1390.0,941.8105995717806,32.243841757425855,-32.243841757425855,-5.098855645354507,True,870.2461532430076,1012.855967442162,M2_discharge,,,
batch3-38,newstructure,5C(67%)-4C-newstructure,1935.0,1133.190955932318,41.4371599001386,-41.4371599001386,-4.342052885751192,True,1047.0842765395166,1218.6730776754857,M2_discharge,,,
batch3-39,newstructure,5.3C(54%)-4C-newstructure,1156.0,1031.4853107606612,10.771166889216163,-10.771166889216163,-4.454635227756273,True,953.1068393414478,1109.2952795475974,M2_discharge,,,
batch3-40,newstructure,5.6C(19%)-4.6C-newstructure,796.0,961.3747052633837,20.77571674163112,20.77571674163112,-4.29510821174953,True,888.3236602571551,1033.8958890637907,M2_discharge,,,
batch3-41,newstructure,5.6C(36%)-4.3C-newstructure,786.0,917.3631985622676,16.71287513514855,16.71287513514855,-4.2195092012941755,True,847.656413124356,986.5643797150805,M2_discharge,,,
batch3-42,newstructure,4.8C(80%)-4.8C-newstructure,1642.0,636.977096586182,61.207241377211815,-61.207241377211815,-4.346194968957672,True,588.5757372661384,685.0273862862011,M2_discharge,,,
batch3-43,newstructure,5C(67%)-4C-newstructure,1046.0,855.5012116027087,18.212121261691326,-18.212121261691326,-4.316747985934323,True,790.4950728208994,920.0358413037403,M2_discharge,,,
batch3-44,newstructure,5.3C(54%)-4C-newstructure,940.0,940.9065445368623,0.09644090817683729,0.09644090817683729,-4.131495550658464,False,850.4947444949518,1061.6186728574842,M2_discharge,,,
batch3-45,newstructure,4.8C(80%)-4.8C-newstructure,1801.0,1253.595583661334,30.39447064623353,-30.39447064623353,-4.520850829796468,True,1158.3398348879516,1348.1604138324954,M2_discharge,,,
