batch,cell_key,idx,policy,group,cc_breakin_peak_cycle,qd_breakin_peak_cycle,max_cycle_used
batch1,batch1-00,0,3.6C(80%)-3.6C,fastcharge,33,60,100
batch1,batch1-01,1,3.6C(80%)-3.6C,fastcharge,23,24,100
batch1,batch1-02,2,3.6C(80%)-3.6C,fastcharge,24,44,100
batch1,batch1-03,3,4C(80%)-4C,fastcharge,24,65,100
batch1,batch1-04,4,4C(80%)-4C,fastcharge,31,65,100
batch1,batch1-05,5,4.4C(80%)-4.4C,fastcharge,66,66,100
batch1,batch1-06,6,4.8C(80%)-4.8C,fastcharge,26,26,100
batch1,batch1-07,7,4.8C(80%)-4.8C,fastcharge,8,30,100
batch1,batch1-08,8,5.4C(40%)-3.6C,fastcharge,25,52,100
batch1,batch1-09,9,5.4C(40%)-3.6C,fastcharge,21,52,100
batch1,batch1-10,10,5.4C(50%)-3C,fastcharge,28,66,100
batch1,batch1-11,11,5.4C(50%)-3C,fastcharge,28,66,100
batch1,batch1-12,12,5.4C(50%)-3.6C,fastcharge,20,53,100
batch1,batch1-13,13,5.4C(50%)-3.6C,fastcharge,19,52,100
batch1,batch1-14,14,5.4C(60%)-3C,fastcharge,32,67,100
batch1,batch1-15,15,5.4C(60%)-3C,fastcharge,67,67,100
batch1,batch1-16,16,5.4C(60%)-3.6C,fastcharge,26,67,100
batch1,batch1-17,17,5.4C(60%)-3.6C,fastcharge,53,53,100
batch1,batch1-18,18,5.4C(70%)-3C,fastcharge,14,19,100
batch1,batch1-19,19,5.4C(70%)-3C,fastcharge,13,20,100
batch1,batch1-20,20,5.4C(80%)-5.4C,fastcharge,8,8,100
batch1,batch1-21,21,5.4C(80%)-5.4C,fastcharge,8,8,100
batch1,batch1-22,22,6C(30%)-3.6C,fastcharge,15,51,100
batch1,batch1-23,23,6C(30%)-3.6C,fastcharge,16,51,100
batch1,batch1-24,24,6C(40%)-3C,fastcharge,20,41,100
batch1,batch1-25,25,6C(40%)-3C,fastcharge,23,37,100
batch1,batch1-26,26,6C(40%)-3.6C,fastcharge,12,37,100
batch1,batch1-27,27,6C(40%)-3.6C,fastcharge,13,35,100
batch1,batch1-28,28,6C(50%)-3C,fastcharge,12,51,100
batch1,batch1-29,29,6C(50%)-3C,fastcharge,14,51,100
batch1,batch1-30,30,6C(50%)-3.6C,fastcharge,17,18,100
batch1,batch1-31,31,6C(50%)-3.6C,fastcharge,12,17,100
batch1,batch1-32,32,6C(60%)-3C,fastcharge,11,20,100
batch1,batch1-33,33,6C(60%)-3C,fastcharge,11,16,100
batch1,batch1-34,34,7C(30%)-3.6C,fastcharge,18,51,100
batch1,batch1-35,35,7C(30%)-3.6C,fastcharge,13,51,100
batch1,batch1-36,36,7C(40%)-3C,fastcharge,11,51,100
batch1,batch1-37,37,7C(40%)-3C,fastcharge,21,51,100
batch1,batch1-38,38,7C(40%)-3.6C,fastcharge,11,19,100
batch1,batch1-39,39,7C(40%)-3.6C,fastcharge,10,37,100
batch1,batch1-40,40,8C(15%)-3.6C,fastcharge,12,32,100
batch1,batch1-41,41,8C(15%)-3.6C,fastcharge,15,35,100
batch1,batch1-42,42,8C(25%)-3.6C,fastcharge,12,51,100
batch1,batch1-43,43,8C(25%)-3.6C,fastcharge,11,15,100
batch1,batch1-44,44,8C(35%)-3.6C,fastcharge,9,14,100
batch1,batch1-45,45,8C(35%)-3.6C,fastcharge,11,52,100
batch2,batch2-00,0,5.2C(58%)-4C,fastcharge,12,83,100
batch2,batch2-01,1,5.6C(26%)-4.5C,fastcharge,5,46,100
batch2,batch2-02,2,5.2C(50%)-4.25C,fastcharge,22,41,100
batch2,batch2-03,3,4.65C(44%)-5C,fastcharge,52,76,100
batch2,batch2-04,4,4.65C(69%)-6C,fastcharge,2,2,100
batch2,batch2-05,5,3.6C(30%)-6C,fastcharge,2,2,100
batch2,batch2-06,6,3.6C(9%)-5C,fastcharge,50,73,100
batch2,batch2-07,7,4.8C(80%)-4.8C-newstructure,newstructure,77,81,100
batch2,batch2-08,8,5.2C(58%)-4C-newstructure,newstructure,21,62,100
batch2,batch2-09,9,5.6C(26%)-4.5C-newstructure,newstructure,18,33,100
batch2,batch2-10,10,4.8C(80%)-4.8C,fastcharge,10,100,100
batch2,batch2-11,11,5.2C(50%)-4.25C,fastcharge,8,98,100
batch2,batch2-12,12,4.65C(44%)-5C,fastcharge,4,99,100
batch2,batch2-13,13,4.65C(69%)-6C,fastcharge,2,12,100
batch2,batch2-14,14,3.6C(30%)-6C,fastcharge,2,2,100
batch2,batch2-15,15,3.6C(9%)-5C,fastcharge,51,60,100
batch2,batch2-16,16,4.8C(80%)-4.8C,fastcharge,12,42,100
batch2,batch2-17,17,5.6C(26%)-4.5C,fastcharge,5,74,100
batch2,batch2-18,18,5.2C(50%)-4.25C,fastcharge,55,76,100
batch2,batch2-19,19,6C(60%)-3C,fastcharge,6,44,100
batch2,batch2-20,20,5.2C(58%)-4C,fastcharge,19,99,100
batch2,batch2-21,21,6C(60%)-3C,fastcharge,8,43,100
batch2,batch2-22,22,VarCharge-2C-100cycles,varcharge,14,30,100
batch2,batch2-23,23,VarCharge-4C-100cycles,varcharge,13,9,100
batch2,batch2-24,24,4.8C(80%)-4.8C,fastcharge,9,96,100
batch2,batch2-25,25,5.2C(58%)-4C,fastcharge,7,100,100
batch2,batch2-26,26,5.6C(26%)-4.5C,fastcharge,2,100,100
batch2,batch2-27,27,5.2C(50%)-4.25C,fastcharge,13,100,100
batch2,batch2-28,28,4.8C(80%)-4.8C,fastcharge,11,99,100
batch2,batch2-29,29,5.2C(58%)-4C,fastcharge,6,94,100
batch2,batch2-30,30,5.6C(26%)-4.5C,fastcharge,2,10,100
batch2,batch2-31,31,5.6C(26%)-4.5C,fastcharge,2,100,100
batch2,batch2-32,32,4.8C(80%)-4.8C-newstructure,newstructure,17,36,100
batch2,batch2-33,33,5.2C(58%)-4C-newstructure,newstructure,9,15,100
batch2,batch2-34,34,5.6C(26%)-4.5C-newstructure,newstructure,16,16,100
batch2,batch2-35,35,VarCharge-6C-100cycles,varcharge,2,2,100
batch2,batch2-36,36,VarCharge-8C-100cycles,varcharge,2,2,100
batch2,batch2-37,37,3.6C(80%)-3.6C(SLOWCYCLE,slowcycle,37,42,100
batch2,batch2-38,38,4.8C(80%)-4.8C(SLOWCYCLE,slowcycle,3,40,100
batch2,batch2-39,39,3.6C(9%)-5C(SLOWCYCLE,slowcycle,7,15,100
batch2,batch2-40,40,5.2C(58%)-4C(SLOWCYCLE,slowcycle,7,38,100
batch2,batch2-41,41,5.6C(26%)-4.5C,fastcharge,2,97,100
batch2,batch2-42,42,5.2C(50%)-4.25C,fastcharge,6,100,100
batch2,batch2-43,43,4.8C(80%)-4.8C-newstructure,newstructure,21,12,100
batch2,batch2-44,44,5.2C(58%)-4C-newstructure,newstructure,13,17,100
batch2,batch2-45,45,5.6C(26%)-4.5C-newstructure,newstructure,16,20,100
batch2,batch2-46,46,4.8C(80%)-4.8C,fastcharge,12,82,100
batch3,batch3-00,0,5C(67%)-4C-newstructure,newstructure,15,29,100
batch3,batch3-01,1,5.3C(54%)-4C-newstructure,newstructure,17,30,100
batch3,batch3-02,2,5.6C(19%)-4.6C-newstructure,newstructure,18,18,100
batch3,batch3-03,3,5.6C(36%)-4.3C-newstructure,newstructure,20,30,100
batch3,batch3-04,4,5.6C(19%)-4.6C-newstructure,newstructure,32,29,100
batch3,batch3-05,5,5.6C(36%)-4.3C-newstructure,newstructure,19,31,100
batch3,batch3-06,6,3.7C(31%)-5.9C-newstructure,newstructure,2,2,100
batch3,batch3-07,7,4.8C(80%)-4.8C-newstructure,newstructure,20,26,100
batch3,batch3-08,8,5C(67%)-4C-newstructure,newstructure,18,33,100
batch3,batch3-09,9,5.3C(54%)-4C-newstructure,newstructure,16,29,100
batch3,batch3-10,10,4.8C(80%)-4.8C-newstructure,newstructure,19,42,100
batch3,batch3-11,11,5.6C(19%)-4.6C-newstructure,newstructure,11,17,100
batch3,batch3-12,12,5.6C(36%)-4.3C-newstructure,newstructure,16,30,100
batch3,batch3-13,13,5.6C(19%)-4.6C-newstructure,newstructure,30,20,100
batch3,batch3-14,14,5.6C(36%)-4.3C-newstructure,newstructure,17,50,100
batch3,batch3-15,15,5.9C(15%)-4.6C-newstructure,newstructure,14,32,100
batch3,batch3-16,16,4.8C(80%)-4.8C-newstructure,newstructure,17,31,100
batch3,batch3-17,17,5.3C(54%)-4C-newstructure,newstructure,11,11,100
batch3,batch3-18,18,5.6C(19%)-4.6C-newstructure,newstructure,15,14,100
batch3,batch3-19,19,5.6C(36%)-4.3C-newstructure,newstructure,14,12,100
batch3,batch3-20,20,5C(67%)-4C-newstructure,newstructure,18,31,100
batch3,batch3-21,21,3.7C(31%)-5.9C-newstructure,newstructure,3,7,100
batch3,batch3-22,22,5.9C(60%)-3.1C-newstructure,newstructure,15,18,100
batch3,batch3-23,23,4.8C(80%)-4.8C-newstructure,newstructure,19,37,100
batch3,batch3-24,24,5C(67%)-4C-newstructure,newstructure,34,39,100
batch3,batch3-25,25,5.3C(54%)-4C-newstructure,newstructure,16,34,100
batch3,batch3-26,26,5.6C(19%)-4.6C-newstructure,newstructure,19,35,100
batch3,batch3-27,27,5.6C(36%)-4.3C-newstructure,newstructure,19,36,100
batch3,batch3-28,28,3.7C(31%)-5.9C-newstructure,newstructure,2,4,100
batch3,batch3-29,29,5.9C(15%)-4.6C-newstructure,newstructure,18,37,100
batch3,batch3-30,30,5.3C(54%)-4C-newstructure,newstructure,19,31,100
batch3,batch3-31,31,5.9C(60%)-3.1C-newstructure,newstructure,15,34,100
batch3,batch3-32,32,4.8C(80%)-4.8C-newstructure,newstructure,19,19,100
batch3,batch3-33,33,5C(67%)-4C-newstructure,newstructure,19,34,100
batch3,batch3-34,34,5.3C(54%)-4C-newstructure,newstructure,18,19,100
batch3,batch3-35,35,5.6C(19%)-4.6C-newstructure,newstructure,29,20,100
batch3,batch3-36,36,5.6C(36%)-4.3C-newstructure,newstructure,19,19,100
batch3,batch3-37,37,4.8C(80%)-4.8C-newstructure,newstructure,58,58,100
batch3,batch3-38,38,5C(67%)-4C-newstructure,newstructure,14,18,100
batch3,batch3-39,39,5.3C(54%)-4C-newstructure,newstructure,22,33,100
batch3,batch3-40,40,5.6C(19%)-4.6C-newstructure,newstructure,30,30,100
batch3,batch3-41,41,5.6C(36%)-4.3C-newstructure,newstructure,32,51,100
batch3,batch3-42,42,4.8C(80%)-4.8C-newstructure,newstructure,30,29,100
batch3,batch3-43,43,5C(67%)-4C-newstructure,newstructure,14,44,100
batch3,batch3-44,44,5.3C(54%)-4C-newstructure,newstructure,20,35,100
batch3,batch3-45,45,4.8C(80%)-4.8C-newstructure,newstructure,30,29,100
