batch,cell_key,idx,policy,group,labeled,censored,cycle_life,dQ_logvar,Qcc_init,cc_breakin,dQ_skew,dQ_kurt,fade_slope_91_100,chargetime_avg5,Tavg_mean,IR_min,IR_diff,dQ_logvar_med21,max_cycle_used
batch1,batch1-00,0,3.6C(80%)-3.6C,fastcharge,False,True,1190.0,-5.014860933855933,1.0562407970428467,4.902243614196777,-0.5320568087730413,-1.348313537623323,3.5323636363618887,13.374893999999992,31.603747328822767,0.016443744,-7.520000000000096e-05,-5.016239144584672,100
batch1,batch1-01,1,3.6C(80%)-3.6C,fastcharge,False,True,1179.0,-5.013959851211789,1.0634677410125732,4.4040679931640625,-0.42937373947653584,-1.0291166958863136,-4.129999999999231,13.409150000000002,31.33031430692745,0.016764179,-4.199100000000164e-05,-5.015709810355747,100
batch1,batch1-02,2,3.6C(80%)-3.6C,fastcharge,False,True,1177.0,-4.736999716003859,1.0667178630828857,3.375411033630371,-1.0801945389481777,0.34863597607780683,-4.419696969697502,13.358242333333328,31.47958411321121,0.016613184,-1.3807000000001096e-05,-4.738719843599815,100
batch1,batch1-03,3,4C(80%)-4C,fastcharge,False,True,1226.0,-4.442613439893365,1.0662492513656616,3.139495849609375,-0.4390501346760374,-1.095415316040939,-0.368424242423645,12.025139666666673,29.942198807956427,0.016098134,3.858100000000281e-05,-4.4435635554878266,100
batch1,batch1-04,4,4C(80%)-4C,fastcharge,False,True,1227.0,-4.647743915712219,1.0647001266479492,2.7320384979248047,-0.362547640202909,-1.3338305458431554,-2.9326666666653374,12.041850666666674,31.44888383416564,0.016368635,-5.331399999999875e-05,-4.648174705302529,100
batch1,batch1-05,5,4.4C(80%)-4.4C,fastcharge,True,False,1074.0,-4.178878029021015,1.0616283416748047,1.974344253540039,-0.1493498031184653,-1.2275264925583294,-2.322303030306552,10.967849666666668,30.92149771366389,0.015922785,-0.0001118670000000016,-4.179124410171983,100
batch1,batch1-06,6,4.8C(80%)-4.8C,fastcharge,True,False,636.0,-3.7688778899311246,1.0632201433181763,3.101944923400879,-0.40793598379525076,-1.238069893557224,-6.2225454545455605,10.07647899999999,32.27384521945563,0.016541764,-0.0003333460000000017,-3.7691622798463023,100
batch1,batch1-07,7,4.8C(80%)-4.8C,fastcharge,True,False,870.0,-3.8134861418999058,1.0808337926864624,1.2913942337036133,-0.3334167184414943,-1.1205357701012986,-4.056606060608465,10.02508166666667,31.990084509217034,0.016083084,-3.842100000000029e-05,-3.8137848016618303,100
batch1,batch1-08,8,5.4C(40%)-3.6C,fastcharge,False,True,879.0,-4.001194634737026,1.0775980949401855,1.9017457962036133,-0.32911343939552645,-1.202576065360119,-1.4775151515149594,11.208483666666663,32.076506270161325,0.016538974,2.1805999999999215e-05,-4.001448846051613,100
batch1,batch1-09,9,5.4C(40%)-3.6C,fastcharge,True,False,1054.0,-4.059383672291563,1.0685827732086182,3.572821617126465,-0.42759100755844076,-1.1821710336849307,-1.3036969696970693,11.207955999999994,32.64153361126789,0.016611163,-3.366599999999817e-05,-4.056575289194309,100
batch1,batch1-10,10,5.4C(50%)-3C,fastcharge,False,True,906.0,-4.02257320456269,1.0600961446762085,5.574703216552734,-0.5100713461525648,-1.287456982208507,-1.4540000000021893,11.718235333333343,33.208150668462316,0.016397769,8.308200000000168e-05,-4.023403865644307,100
batch1,batch1-11,11,5.4C(50%)-3C,fastcharge,True,False,788.0,-4.146896588568449,1.0362597703933716,4.894614219665527,-0.5948475863095678,-1.205555357632066,-1.164303030304726,11.668875999999987,32.75932260623101,0.015962802,-0.0003035779999999988,-4.147269440595277,100
batch1,batch1-12,12,5.4C(50%)-3.6C,fastcharge,False,True,902.0,-4.125190621637704,1.0646047592163086,2.45821475982666,-0.33105226140634747,-1.1273531081451658,-1.6655151515169824,10.686071666666665,33.4580219141428,0.016234221,-2.065599999999737e-05,-4.125435211684643,100
batch1,batch1-13,13,5.4C(50%)-3.6C,fastcharge,False,True,897.0,-4.048006479229763,1.0674326419830322,2.12252140045166,-0.13523732002328226,-1.2549352791869572,-2.8032121212153474,10.719170666666663,32.09216634315908,0.016706679,-1.3330999999998372e-05,-4.048057251976855,100
batch1,batch1-14,14,5.4C(60%)-3C,fastcharge,True,False,880.0,-4.046069788008708,1.05595862865448,3.475069999694824,-0.2824529801727624,-1.3132871239365143,-1.9479999999989825,10.764334,33.07746279993842,0.016649306,-6.811500000000054e-05,-4.046256558167897,100
batch1,batch1-15,15,5.4C(60%)-3C,fastcharge,True,False,719.0,-4.01794908327491,1.0468037128448486,4.404187202453613,-0.4819980140897688,-1.2504567299681586,-2.4367272727269635,10.797705666666673,33.147720104395674,0.016542939,-0.0002532960000000001,-4.018141331102535,100
batch1,batch1-16,16,5.4C(60%)-3.6C,fastcharge,True,False,862.0,-4.099413751189743,1.067914605140686,2.3157596588134766,-0.12294951697231714,-1.2280980449956473,-3.059757575757343,10.11310766666668,32.41716254671688,0.016328048,-1.4819000000002719e-05,-4.099514481020571,100
batch1,batch1-17,17,5.4C(60%)-3.6C,fastcharge,True,False,857.0,-3.9701595551074362,1.058113694190979,3.792881965637207,-0.2559885622195701,-1.2907018393997953,-1.267575757575634,10.146880666666664,32.088753858534446,0.016238289,2.2162999999998656e-05,-3.9702445846834697,100
batch1,batch1-18,18,5.4C(70%)-3C,fastcharge,True,False,691.0,-3.65008051982041,1.0497361421585083,2.3581981658935547,-0.0520791084942696,-1.3465283364048533,-10.586606060607885,9.958173666666676,31.831057275618022,0.015845969,-0.003994543,-3.6501318636164313,100
batch1,batch1-19,19,5.4C(70%)-3C,fastcharge,True,False,788.0,-3.6199068941529986,1.0715488195419312,1.6443729400634766,-0.27342370303732066,-1.275414793948492,-3.325272727273107,9.924738333333329,33.044085397077396,0.016205151,-6.60869999999994e-05,-3.6199698901791053,100
batch1,batch1-20,20,5.4C(80%)-5.4C,fastcharge,True,False,534.0,-3.36723741371939,1.0576164722442627,1.360774040222168,0.24167294189711483,-1.0727208359585896,-23.31127272727084,9.021115000000016,32.15292201754506,0.015036267,-0.000580528000000002,-3.3673424155906777,100
batch1,batch1-21,21,5.4C(80%)-5.4C,fastcharge,True,False,559.0,-3.3503380081212146,1.0689984560012817,0.9497404098510742,-0.09016679434821093,-1.1430822581048827,-15.90527272727351,8.964706333333336,33.13697371135653,0.014894895,-0.0002038070000000003,-3.3503830469495326,100
batch1,batch1-22,22,6C(30%)-3.6C,fastcharge,False,True,891.0,-3.9521687939572367,1.0659632682800293,1.7424821853637695,-0.13520710599297073,-1.2783508943224062,-3.3747272727291144,11.463394666666664,32.84391283877385,0.016250946,-5.07210000000001e-05,-3.95234693986894,100
batch1,batch1-23,23,6C(30%)-3.6C,fastcharge,True,False,1014.0,-4.040793513669289,1.0665109157562256,1.474618911743164,-0.1431749262286224,-1.2306061708646054,-2.0429696969718134,11.447006333333357,31.99077454717494,0.016472535,-9.143999999999125e-06,-4.041238433877189,100
batch1,batch1-24,24,6C(40%)-3C,fastcharge,True,False,1017.0,-3.938662548127028,1.060626745223999,1.9098520278930664,-0.3388628807405654,-1.2741883231320683,-7.403393939396666,12.147216,33.378063951824195,0.016390581,-4.86200000000131e-06,-3.9389033499124086,100
batch1,batch1-25,25,6C(40%)-3C,fastcharge,True,False,854.0,-4.027888941215721,1.062522292137146,2.448439598083496,-0.35793501210763157,-1.2413940146438636,-3.221030303032952,12.130126666666674,33.848557073949294,0.016397864,-1.1263999999996943e-05,-4.027865282555869,100
batch1,batch1-26,26,6C(40%)-3.6C,fastcharge,True,False,870.0,-3.795220069297897,1.0748670101165771,1.4919042587280273,-0.11706773320264793,-1.276669975604969,-9.834424242425186,10.764819666666668,33.15641406115227,0.016129743,1.2887999999999095e-05,-3.795484900775466,100
batch1,batch1-27,27,6C(40%)-3.6C,fastcharge,True,False,842.0,-3.8537032100693622,1.0653657913208008,1.3997554779052734,-0.28951845367435614,-1.2368248015592893,-1.3313333333359012,10.796985333333323,33.89497000372245,0.015953196,3.187999999999802e-05,-3.8537676846828397,100
batch1,batch1-28,28,6C(50%)-3C,fastcharge,True,False,860.0,-3.844711825610812,1.0649296045303345,1.2278556823730469,-0.14263361390162804,-1.23848226956084,-3.480545454546354,11.129907333333346,33.773800525042,0.016467512,6.377100000000066e-05,-3.8449076278752568,100
batch1,batch1-29,29,6C(50%)-3C,fastcharge,True,False,917.0,-3.8382817303238843,1.0665844678878784,1.381993293762207,-0.13762992946351052,-1.2785181858651289,-3.726424242423985,11.179535333333334,32.70415601771739,0.016308507,1.7818000000002776e-05,-3.838485910376365,100
batch1,batch1-30,30,6C(50%)-3.6C,fastcharge,True,False,709.0,-3.7446991966463603,1.0664541721343994,1.2890100479125977,-0.28519154321186263,-1.2269910346258965,-3.745818181818704,10.130179666666669,33.54008830692456,0.015838005,5.842799999999926e-05,-3.7448527520279518,100
batch1,batch1-31,31,6C(50%)-3.6C,fastcharge,True,False,876.0,-3.777732565334766,1.0833351612091064,1.238107681274414,-0.11073266033741032,-1.2421229030000347,-4.080121212122559,10.11367266666668,30.375396745150564,0.016684072,1.0658000000000195e-05,-3.777872420813837,100
batch1,batch1-32,32,6C(60%)-3C,fastcharge,True,False,731.0,-3.646463485791867,1.0641895532608032,1.3093948364257812,-0.1556558956095879,-1.2794468077738315,-3.8354545454567797,10.096438,33.08050304573434,0.015933495,5.134400000000178e-05,-3.6465579146264244,100
batch1,batch1-33,33,6C(60%)-3C,fastcharge,True,False,757.0,-3.667057643731551,1.0802935361862183,1.3483762741088867,0.06483200538032172,-1.2327426904753613,-4.613878787879358,10.146428666666663,33.67169761442224,0.016214989,-1.720699999999825e-05,-3.6671585775955102,100
batch1,batch1-34,34,7C(30%)-3.6C,fastcharge,True,False,742.0,-3.8486161550950544,1.0608339309692383,1.8000602722167969,-0.1509017081096861,-1.179899583638572,-3.0090909090922757,11.06793699999998,32.66455167507311,0.016567618,-2.8376000000000096e-05,-3.848701115685796,100
batch1,batch1-35,35,7C(30%)-3.6C,fastcharge,True,False,703.0,-3.7726059654041446,1.0586585998535156,1.478433609008789,-0.09448695274140285,-1.2999238514914384,-2.6306666666668015,11.05119499999999,32.09733437854189,0.016647711,3.243499999999733e-05,-3.772753638531729,100
batch1,batch1-36,36,7C(40%)-3C,fastcharge,True,False,704.0,-3.669501343103572,1.0654820203781128,1.4815330505371094,-0.024120145502378346,-1.287729556040454,-4.102181818180282,11.524843333333349,32.04688205693082,0.016229769,8.785199999999938e-05,-3.6695334826224437,100
batch1,batch1-37,37,7C(40%)-3C,fastcharge,True,False,648.0,-3.6739389503368756,1.060362458229065,1.9876956939697266,-0.23647604170936593,-1.2637729493248426,-4.378787878788793,11.57439200000002,32.95969887229894,0.016318144,6.718000000000002e-05,-3.67400788728168,100
batch1,batch1-38,38,7C(40%)-3.6C,fastcharge,True,False,617.0,-3.433048187522247,1.0584877729415894,1.603245735168457,-0.06381055339067897,-1.3483478433022702,-0.716060606062806,10.243066666666685,33.69474656343401,0.016066672,8.89640000000004e-05,-3.433499927749079,100
batch1,batch1-39,39,7C(40%)-3.6C,fastcharge,True,False,625.0,-3.5045337063467077,1.0689482688903809,1.6061067581176758,-0.15250252186561739,-1.2771896805153014,-2.5559393939409696,10.258443000000007,33.50643317156701,0.016519627,9.157099999999863e-05,-3.504908131508289,100
batch1,batch1-40,40,8C(15%)-3.6C,fastcharge,True,False,966.0,-4.055212800838332,1.0697333812713623,1.7132759094238281,-0.24850439634380578,-1.2414942362522665,-4.214606060608749,12.071222666666685,33.45968416375564,0.016480761,6.656899999999896e-05,-4.057525779461301,100
batch1,batch1-41,41,8C(15%)-3.6C,fastcharge,True,False,1051.0,-4.071514001487413,1.0661919116973877,1.469731330871582,-0.23135619502807797,-1.242948953451305,-3.1887272727307936,12.087368000000005,33.07332253245542,0.016552322,-9.889999999998511e-07,-4.071950982632888,100
batch1,batch1-42,42,8C(25%)-3.6C,fastcharge,True,False,702.0,-3.6658558290545145,1.067099690437317,1.3747215270996094,-0.10769415001028848,-1.3162415680046045,-3.262545454547221,11.171093666666682,33.58506724391689,0.016511114,0.00010331400000000018,-3.665952399143554,100
batch1,batch1-43,43,8C(25%)-3.6C,fastcharge,True,False,651.0,-3.6677791447400714,1.0523171424865723,1.1239051818847656,-0.23725349595429301,-1.3026126013925938,-3.969454545455702,11.170874333333334,33.339782658681436,0.015904058,0.00012785400000000016,-3.6683551667619128,100
batch1,batch1-44,44,8C(35%)-3.6C,fastcharge,True,False,616.0,-3.420700024927221,1.0725276470184326,0.7746219635009766,0.1390799898436494,-1.2892845191178444,-5.139272727271184,10.271104333333334,32.55333216968653,0.017142953,0.00015277100000000293,-3.421309021142979,100
batch1,batch1-45,45,8C(35%)-3.6C,fastcharge,True,False,599.0,-3.425292229363906,1.0708520412445068,1.1496543884277344,0.11519747039315692,-1.2803925166519405,-3.8969696969697845,10.254465333333325,33.0005473910965,0.016382927,0.00015038399999999993,-3.42584990803051,100
batch2,batch2-00,0,5.2C(58%)-4C,fastcharge,True,False,477.0,-3.487264800861175,1.066985845565796,0.8111000061035156,-0.03143248728723324,-1.2425691357375093,-13.864606060607848,10.173733999999968,31.808470926230026,0.017083954,6.96420000000017e-05,-3.4873005633823504,100
batch2,batch2-01,1,5.6C(26%)-4.5C,fastcharge,True,False,491.0,-3.298051395716436,1.0705206394195557,0.06669759750366211,0.3174967654279458,-1.1591038577304005,-35.79678787879053,10.192646000000046,33.60099815475848,0.017313389,-0.0006942100000000007,-3.2982041180564305,100
batch2,batch2-02,2,5.2C(50%)-4.25C,fastcharge,True,False,424.0,-3.4602484070785873,1.0333309173583984,1.9550323486328125,-0.15525357321006725,-1.4037550178525087,-9.643696969698993,10.175071333333326,33.17566129490617,0.016255558,-9.869800000000123e-05,-3.460510347654645,100
batch2,batch2-03,3,4.65C(44%)-5C,fastcharge,True,False,499.0,-3.4962430024430216,1.0609220266342163,5.095481872558594,-0.686523277259916,-0.8132617442175589,-32.400666666668585,10.173250333333367,33.93805810095692,0.015764765,-3.5558000000001505e-05,-3.4965545205294535,100
batch2,batch2-04,4,4.65C(69%)-6C,fastcharge,True,False,444.0,-3.2325068379275077,1.0505932569503784,0.0,-0.010537332183966533,-1.3023521521783827,5.941272727274018,10.222283666666627,33.04820861652687,0.01593901,-0.0009035920000000017,-3.2325972718891807,100
batch2,batch2-05,5,3.6C(30%)-6C,fastcharge,True,False,416.0,-3.0858817115082053,1.0628318786621094,0.0,0.36217454788357173,-1.0375623725969585,-25.926484848486076,10.178295333333276,33.01307013030371,0.015142022,-0.0007167039999999986,-3.085937159136493,100
batch2,batch2-06,6,3.6C(9%)-5C,fastcharge,True,False,393.0,-3.530039629028666,1.0496251583099365,4.464149475097656,-0.42091335228241683,-1.2152710512551776,-18.514727272728695,10.179130999999906,33.81904518975318,0.015897563,-0.0005260630000000002,-3.5303734688258945,100
batch2,batch2-07,7,4.8C(80%)-4.8C-newstructure,newstructure,True,False,777.0,-4.231670005219284,1.0517045259475708,3.0660629272460938,-0.3734543421556107,-1.3266382880431529,7.01042424242337,10.037040333333376,33.769687089746824,0.014716571,1.3403999999999847e-05,-4.2316313138495225,100
batch2,batch2-08,8,5.2C(58%)-4C-newstructure,newstructure,True,False,904.0,-4.10242252476951,1.0512365102767944,1.1850595474243164,-0.44542515798452315,-0.9510305445414615,5.03521212121166,10.04007933333327,33.59868374090274,0.016342103,3.0228999999999673e-05,-4.10247627946693,100
batch2,batch2-09,9,5.6C(26%)-4.5C-newstructure,newstructure,True,False,791.0,-4.344425558301067,1.0589382648468018,0.7458925247192383,-0.05218955323783693,-0.7640821354586964,23.090060606056888,10.040580999999946,32.3508526526095,0.015197206,-5.300199999999991e-05,-4.345884042559249,100
batch2,batch2-10,10,4.8C(80%)-4.8C,fastcharge,True,False,492.0,-3.450900085127797,1.0670971870422363,0.5776882171630859,0.2632051480200658,-1.2438034236256204,18.856727272725806,10.17126966666663,31.720791269063756,0.016884135,-0.00030304700000000073,-3.4514090952757193,100
batch2,batch2-11,11,5.2C(50%)-4.25C,fastcharge,True,False,449.0,-3.485393145091073,1.053774356842041,0.22649765014648438,-0.22207913709676663,-1.2401571107748184,9.152303030301393,10.17367599999993,33.146477466034135,0.016784718,1.5793000000000057e-05,-3.485438708338626,100
batch2,batch2-12,12,4.65C(44%)-5C,fastcharge,True,False,466.0,-3.1679683593211068,1.0620806217193604,0.09083747863769531,0.11788284408992637,-1.2407738568118205,0.3536969696960007,10.174669333333393,31.314676947956993,0.016159201,-0.0010207299999999975,-3.1682898013994074,100
batch2,batch2-13,13,4.65C(69%)-6C,fastcharge,True,False,460.0,-3.3444477432493414,1.0542941093444824,0.0,0.33478220620675436,-1.0960040868605436,-0.5628484848472985,10.207829000000007,31.946988973926523,0.015610993,-0.0010935590000000009,-3.344471062168578,100
batch2,batch2-14,14,3.6C(30%)-6C,fastcharge,True,False,426.0,-3.1185199512359087,1.0425642728805542,0.0,0.288828286338901,-1.088554084538346,18.37830303029747,10.207831333333306,32.123877001585356,0.015952863,-0.000878801999999998,-3.1189870446557295,100
batch2,batch2-15,15,3.6C(9%)-5C,fastcharge,True,False,396.0,-3.5162518847554045,1.0242866277694702,2.2096633911132812,-0.07187720565961915,-1.3932940901025372,-9.369636363639167,10.174112999999924,32.862747677246595,0.016145013,-0.0009618189999999992,-3.5163049810638656,100
batch2,batch2-16,16,4.8C(80%)-4.8C,fastcharge,True,False,472.0,-3.494880980457803,1.0657747983932495,0.4868507385253906,0.07215891885700869,-1.2968600207721412,-27.128424242425286,10.171980333333341,32.7673986704417,0.017414019,-0.0002792050000000011,-3.494919970379715,100
batch2,batch2-17,17,5.6C(26%)-4.5C,fastcharge,True,False,471.0,-3.500344053281176,1.0650690793991089,0.026881694793701172,-0.17158380309452903,-1.2841548866867234,-10.712606060608753,10.176372333333273,32.988612809790894,0.016950201,-0.00042510400000000254,-3.500388027786364,100
batch2,batch2-18,18,5.2C(50%)-4.25C,fastcharge,True,False,449.0,-3.7073027131799288,1.0474909543991089,5.838751792907715,-0.27357945829292096,-1.4464131944193648,-8.618181818182375,10.175029666666669,32.88627829858526,0.016488669,-4.021899999999759e-05,-3.7073457619423404,100
batch2,batch2-19,19,6C(60%)-3C,fastcharge,True,False,392.0,-3.2919580156871544,1.0621922016143799,0.035643577575683594,0.15621286111969546,-1.282038949118421,-26.990424242427927,10.175535333333391,32.770067410122046,0.016542695,6.25240000000013e-05,-3.292017645236588,100
batch2,batch2-20,20,5.2C(58%)-4C,fastcharge,True,False,489.0,-3.4413054377991514,1.0592912435531616,1.1785030364990234,-0.439403121762728,-0.9586722382266801,19.507030303029417,10.172872000000012,33.61911118506716,0.016160993,0.00019093999999999708,-3.4413816714090935,100
batch2,batch2-21,21,6C(60%)-3C,fastcharge,True,False,408.0,-3.3266790554359287,1.069184422492981,0.1347064971923828,0.19578980553263498,-1.2511446967783506,-43.725939393937935,10.174583999999935,33.60118814118363,0.017071372,0.00012853800000000096,-3.326695044829445,100
batch2,batch2-22,22,VarCharge-2C-100cycles,varcharge,False,False,,-4.641168984202163,1.0614107847213745,2.940654754638672,1.4915347666865988,2.293470970331475,-70.76296774193669,24.216832999999944,34.50224371401082,0.021770682,0.0,-4.646264577744173,100
batch2,batch2-23,23,VarCharge-4C-100cycles,varcharge,False,False,,-4.356254297805881,1.0674248933792114,0.5338191986083984,0.9748162020344574,-0.6079216590293055,-71.16866129032627,12.207750999999892,34.147927604894626,0.021160889,0.0,-4.356514116546038,100
batch2,batch2-24,24,4.8C(80%)-4.8C,fastcharge,True,False,514.0,-3.6408852579463837,1.055884838104248,0.22494792938232422,0.147391831724939,-1.246939997024197,21.20042424242144,10.170490666666689,33.206377241160645,0.016424084,-0.00014084899999999845,-3.641014984365591,100
batch2,batch2-25,25,5.2C(58%)-4C,fastcharge,True,False,493.0,-3.5344779661092542,1.0627353191375732,0.42128562927246094,-0.06298630343161657,-1.3538644467314516,23.77230303030323,10.172881333333304,32.23848796399698,0.016576298,2.3801000000000377e-05,-3.5345262062329668,100
batch2,batch2-26,26,5.6C(26%)-4.5C,fastcharge,True,False,450.0,-3.2220536088944023,1.0649644136428833,0.0,0.23025815921704598,-1.1877112539074615,12.981272727272879,10.192329666666629,33.75843376995604,0.017513856,-0.0008291710000000001,-3.222090136776465,100
batch2,batch2-27,27,5.2C(50%)-4.25C,fastcharge,True,False,474.0,-3.48620357805416,1.0540752410888672,0.765681266784668,-0.1392021011116151,-1.3553179420837722,7.094909090906442,10.174448333333178,33.30411096115286,0.017410973,0.00012275900000000006,-3.4866925747380977,100
batch2,batch2-28,28,4.8C(80%)-4.8C,fastcharge,True,False,437.0,-3.4234111331712294,1.0494762659072876,0.12934207916259766,0.045824832488440284,-1.3911814317869224,19.808787878788507,10.17431633333336,32.143914131113334,0.016122971,-0.0006546150000000008,-3.4234621479784675,100
batch2,batch2-29,29,5.2C(58%)-4C,fastcharge,True,False,452.0,-3.5082481885471055,1.0628777742385864,0.1665353775024414,0.019297357261324453,-1.342338007471483,-4.466545454544984,10.173121999999905,31.797490897448796,0.016617509,0.00011061700000000035,-3.5082845102823765,100
batch2,batch2-30,30,5.6C(26%)-4.5C,fastcharge,True,False,412.0,-3.18540955633614,1.0527151823043823,0.0,0.25115049873412154,-1.201256649085281,-0.286848484848683,10.223914333333378,33.81182141567536,0.01667887,-0.001062254999999998,-3.1854283297060895,100
batch2,batch2-31,31,5.6C(26%)-4.5C,fastcharge,True,False,425.0,-3.3523588458514006,1.057179570198059,0.0,0.05927408939159888,-1.169473295342695,-0.4224848484858548,10.177968666666759,33.3758501254003,0.015888851,-0.0006819260000000028,-3.352418663995788,100
batch2,batch2-32,32,4.8C(80%)-4.8C-newstructure,newstructure,True,False,809.0,-4.131466116298021,1.0513769388198853,1.4047622680664062,0.20779593895608273,-0.9720790369859316,2.240424242420543,10.041900666666674,32.16894887045923,0.014739397,-5.889600000000099e-05,-4.13153301170789,100
batch2,batch2-33,33,5.2C(58%)-4C-newstructure,newstructure,True,False,1140.0,-4.231628419415403,1.0566966533660889,0.46896934509277344,0.2859201031058254,-0.9761487497295627,1.4609090909078553,10.03920333333323,32.74157143407892,0.014933125,-8.753799999999985e-05,-4.232654907642597,100
batch2,batch2-34,34,5.6C(26%)-4.5C-newstructure,newstructure,True,False,1186.0,-4.448585160038663,1.0513824224472046,1.0302066802978516,-0.1522686833282664,-0.8874031067721826,2.1133939393911723,10.040011000000039,35.66789148456313,0.014872484,-0.00011882799999999964,-4.449405975499289,100
batch2,batch2-35,35,VarCharge-6C-100cycles,varcharge,False,False,,-3.2189089732471543,1.0508192777633667,0.0,0.8605023177630176,-0.531376752120412,-36.50348387096696,8.05946366666661,36.507257940976096,0.020666521,0.0,-3.2189695424451314,100
batch2,batch2-36,36,VarCharge-8C-100cycles,varcharge,False,False,,-2.684917796176833,1.0529130697250366,0.0,0.9417487062211917,-0.4883520210504275,-47.99511290322576,6.486791666666589,38.56623803155033,0.02033557,0.0,-2.684935385597743,100
batch2,batch2-37,37,3.6C(80%)-3.6C(SLOWCYCLE,slowcycle,False,False,,-4.770610733625386,1.0624810457229614,1.5221834182739258,-4.130955122253755,19.413038859387733,0.40550000000011766,13.504113333333274,32.93003403034187,0.016990282,0.009998608999999999,-4.794088790979584,100
batch2,batch2-38,38,4.8C(80%)-4.8C(SLOWCYCLE,slowcycle,False,False,,-4.2153502381837615,1.0628927946090698,0.025093555450439453,0.18618945410040658,-0.29359180228644943,-3.9341666666655124,10.1692773333334,36.41258964127956,0.016356453,0.009001521000000002,-4.220234856061571,100
batch2,batch2-39,39,3.6C(9%)-5C(SLOWCYCLE,slowcycle,False,False,,-3.3625834540946675,1.0517858266830444,0.1704692840576172,0.48429118462632514,-1.070220456818202,-7.633166666667691,10.175516333333363,32.886249589388996,0.016586451,0.008042265,-3.362511290053079,100
batch2,batch2-40,40,5.2C(58%)-4C(SLOWCYCLE,slowcycle,False,False,,-3.5995672863359953,1.0632621049880981,0.3612041473388672,0.3597683392488094,-1.0955772531410441,2.1733333333336575,10.173128333333395,32.46931392128253,,,-3.5996565314882196,100
batch2,batch2-41,41,5.6C(26%)-4.5C,fastcharge,True,False,442.0,-3.1723657966202605,1.063416838645935,0.0,-0.04398742475213944,-1.1480576826526583,-0.15642424242562444,10.177705666666686,30.193787010451164,,,-3.172540540603257,100
batch2,batch2-42,42,5.2C(50%)-4.25C,fastcharge,True,False,474.0,-3.482587699500616,1.0586488246917725,0.07784366607666016,0.3517317170755811,-1.1698090394650336,7.06951515151377,10.174918666666732,31.709620029469267,,,-3.4827285252972233,100
batch2,batch2-43,43,4.8C(80%)-4.8C-newstructure,newstructure,True,False,1029.0,-4.271781831960384,1.0600873231887817,1.2621879577636719,0.37364129383578304,-0.7838826042112119,2.710787878786864,10.0362016666667,33.92914533704784,,,-4.273613643152017,100
batch2,batch2-44,44,5.2C(58%)-4C-newstructure,newstructure,True,False,841.0,-4.364523625430775,1.059308409690857,0.5352497100830078,-0.2315990183442516,-1.1068727671829324,11.412545454541581,10.040366333333369,33.95995836968299,,,-4.364643447341392,100
batch2,batch2-45,45,5.6C(26%)-4.5C-newstructure,newstructure,True,False,997.0,-4.175214957232082,1.0647060871124268,0.5353689193725586,-0.33011589923148,-0.9304725653881234,0.27618181818071685,10.040267666666622,35.271412144027664,,,-4.175333440606272,100
batch2,batch2-46,46,4.8C(80%)-4.8C,fastcharge,True,False,503.0,-3.5088751154919833,1.063598871231079,0.708460807800293,-0.13392333302796972,-1.2034361740387274,-20.177454545458726,10.169781000000075,29.88150861827619,,,-3.5090178162297887,100
batch3,batch3-00,0,5C(67%)-4C-newstructure,newstructure,True,False,1009.0,-4.245114835175439,1.0539751052856445,1.5491247177124023,-0.19512166292488323,-1.1718837223492289,-4.185030303031202,10.044530999999989,32.194853230782606,0.015180224,-0.00012841200000000136,-4.244884415817791,100
batch3,batch3-01,1,5.3C(54%)-4C-newstructure,newstructure,True,False,1063.0,-4.28554286571514,1.0516561269760132,1.6041994094848633,-0.28636952783613334,-1.1239940896039058,-6.469515151517784,10.041138666666567,34.83231929224147,0.014931546,-0.00010282300000000015,-4.2856673650651835,100
batch3,batch3-02,2,5.6C(19%)-4.6C-newstructure,newstructure,True,False,1267.0,-4.779380430348688,1.0474189519882202,2.0645856857299805,1.2545434567073175,1.9709439824916073,-6.157393939395896,10.044049666666687,36.79033178065713,0.014437579,-0.0004166900000000008,-4.78388350203121,100
batch3,batch3-03,3,5.6C(36%)-4.3C-newstructure,newstructure,True,False,1115.0,-4.116607754064371,1.049902319908142,1.6182661056518555,-0.47954983371974885,-1.0204007985038064,-7.7478787878805555,10.042065333333351,36.08374244976545,0.014885032,5.60549999999993e-05,-4.116640072778641,100
batch3,batch3-04,4,5.6C(19%)-4.6C-newstructure,newstructure,True,False,1048.0,-4.178465676831106,1.0571297407150269,1.857757568359375,-0.4358595995201157,-1.108117271581448,-2.376060606062198,10.045031333333366,32.11715379681872,0.015085269,-6.733400000000049e-05,-4.178660288481458,100
batch3,batch3-05,5,5.6C(36%)-4.3C-newstructure,newstructure,True,False,828.0,-4.1144240024733305,1.0355924367904663,1.0396242141723633,-0.1629816050341865,-1.2847296722584154,-6.302727272732889,10.041910000000012,35.56013985266867,0.015130546,-0.00016723399999999874,-4.114444940767081,100
batch3,batch3-06,6,3.7C(31%)-5.9C-newstructure,newstructure,True,False,667.0,-3.525708207292945,1.0480799674987793,0.0,0.4831587033436961,-0.8670781397893337,-24.328727272730074,10.06247166666663,34.1072055276095,0.013527169,0.00032014799999999927,-3.5257437241935454,100
batch3,batch3-07,7,4.8C(80%)-4.8C-newstructure,newstructure,True,False,1836.0,-4.488742147956798,1.05274498462677,2.5374889373779297,-0.3407827460381603,-1.2007633522165029,-6.748666666666012,11.041577333333311,32.79694473003086,0.015372629,-3.5402999999999823e-05,-4.48885965545559,100
batch3,batch3-08,8,5C(67%)-4C-newstructure,newstructure,True,False,828.0,-4.09180376918313,1.050182580947876,1.692652702331543,-0.21507275463474268,-1.2791530471723278,-3.773696969699921,10.044950000000002,33.05552416009523,0.01520093,-0.00017268099999999918,-4.091849702146439,100
batch3,batch3-09,9,5.3C(54%)-4C-newstructure,newstructure,True,False,1039.0,-3.982297085804219,1.0546501874923706,2.2841691970825195,-0.055848456915112595,-1.3472162905253624,-0.8253333333347526,10.041749333333332,33.08832983925303,0.015742281,-2.9396000000000977e-05,-3.982413484946533,100
batch3,batch3-10,10,4.8C(80%)-4.8C-newstructure,newstructure,True,False,1078.0,-4.411356169152643,1.0474482774734497,1.1888742446899414,-0.24495627314560978,-1.1918750992707199,-11.395212121215552,11.045003333333321,32.5348014795901,0.015318613,-0.00014386399999999876,-4.411474212839961,100
batch3,batch3-11,11,5.6C(19%)-4.6C-newstructure,newstructure,True,False,817.0,-3.8849211244538933,1.0526537895202637,0.9781122207641602,-0.14019261890998475,-1.2656069364895908,-3.90187878788211,10.042218333333295,34.20373702283128,0.015485173,-4.955999999999884e-05,-3.885050914166211,100
batch3,batch3-12,12,5.6C(36%)-4.3C-newstructure,newstructure,True,False,932.0,-3.9467899075468065,1.0596834421157837,1.4393329620361328,0.009007609931336494,-1.2833713893321566,-2.3809696969692324,10.04249166666661,33.2205731520236,0.01599754,-4.0385999999999894e-05,-3.946884883726766,100
batch3,batch3-13,13,5.6C(19%)-4.6C-newstructure,newstructure,True,False,816.0,-4.09446632654511,1.0495505332946777,2.2821426391601562,-0.2582684461456653,-1.1979399211069326,-4.97854545454423,10.042319666666685,34.11768528185422,0.01506449,-0.00014514099999999967,-4.094551782397231,100
batch3,batch3-14,14,5.6C(36%)-4.3C-newstructure,newstructure,True,False,858.0,-3.999667656050397,1.0589350461959839,2.1047592163085938,-0.19204284523669282,-1.3198368795642375,-1.698545454549751,10.041712000000018,33.11953606667905,0.015496999,-7.740999999999998e-05,-3.9997167909827986,100
batch3,batch3-15,15,5.9C(15%)-4.6C-newstructure,newstructure,True,False,876.0,-4.00068444530643,1.0521584749221802,1.528620719909668,-0.15382349919162353,-1.2842653867446592,-7.973333333334892,10.041533666666655,33.51055049283859,0.01525728,-9.027200000000062e-05,-4.0007560381939085,100
batch3,batch3-16,16,4.8C(80%)-4.8C-newstructure,newstructure,True,False,1638.0,-4.694513647426703,1.0480016469955444,1.6645193099975586,-0.05327304317812102,-0.8886310113970808,-8.315333333334058,11.04336633333335,34.94134876933804,0.015253145,-0.00012093599999999857,-4.6953739107827435,100
batch3,batch3-17,17,5.3C(54%)-4C-newstructure,newstructure,True,False,1315.0,-4.439713059065326,1.053149700164795,1.833200454711914,0.016697253297633226,-0.8152401394595228,-1.9984242424260743,10.041974333333346,35.07228784758459,0.01535425,-0.00016227499999999992,-4.4417727092708414,100
batch3,batch3-18,18,5.6C(19%)-4.6C-newstructure,newstructure,True,False,1146.0,-4.254051992176569,1.0532959699630737,1.683950424194336,-0.2289613933090348,-1.0571239746245658,-7.0058181818211365,10.043129666666696,35.2914180269327,0.014978203,-3.7439999999999696e-05,-4.254100176203001,100
batch3,batch3-19,19,5.6C(36%)-4.3C-newstructure,newstructure,True,False,1155.0,-4.1719419655681325,1.0573817491531372,0.9495019912719727,-0.12087878153185333,-1.1118819524557828,-7.901090909089523,10.043436999999928,35.09835953689969,0.015178323,-4.249000000000093e-05,-4.171991770325756,100
batch3,batch3-20,20,5C(67%)-4C-newstructure,newstructure,True,False,813.0,-4.066344726897455,1.0498093366622925,1.226663589477539,-0.33953011645323405,-1.1827998591626958,-4.072121212122594,10.04332966666664,33.10212248197412,0.015206913,-7.635700000000085e-05,-4.06644828167147,100
batch3,batch3-21,21,3.7C(31%)-5.9C-newstructure,newstructure,True,False,772.0,-3.70432665251622,1.053650975227356,0.020802021026611328,0.5061398589749484,-0.8460875220759072,-19.249454545455244,10.067868000000017,34.900399416468076,0.01394002,0.00023393700000000003,-3.7043780341741934,100
batch3,batch3-22,22,5.9C(60%)-3.1C-newstructure,newstructure,True,False,1002.0,-4.046822403242366,1.0418376922607422,1.3506412506103516,0.052921799855205925,-1.2689735697182976,-5.285939393941039,10.043384333333282,34.61069656408486,0.015614755,-0.00012298300000000012,-4.046900501398732,100
batch3,batch3-23,23,4.8C(80%)-4.8C-newstructure,newstructure,False,False,,-4.54378988590744,1.0511986017227173,1.7088651657104492,0.10136141784987665,-1.0378805025699143,-12.78521212121303,11.037604666666738,34.929390162261846,0.015194215,-7.400299999999957e-05,-4.546335150216533,100
batch3,batch3-24,24,5C(67%)-4C-newstructure,newstructure,True,False,825.0,-4.155254877463594,1.0326114892959595,1.8886327743530273,-0.3357491103870897,-1.2618526132784331,-5.473030303031086,10.042240333333272,34.68760501613314,0.01550305,-0.0001505590000000015,-4.15533784373116,100
batch3,batch3-25,25,5.3C(54%)-4C-newstructure,newstructure,True,False,989.0,-4.146560815946868,1.047638177871704,2.315998077392578,-0.36635173756042705,-1.073333989123681,-5.5908484848504765,10.041598333333386,35.58186389191699,0.015591009,-4.924599999999932e-05,-4.14661616286544,100
batch3,batch3-26,26,5.6C(19%)-4.6C-newstructure,newstructure,True,False,1028.0,-4.219507406470884,1.0583624839782715,2.482175827026367,-0.34215572749710893,-1.060482884201643,-4.365515151514872,10.041816666666708,35.745916536891265,0.015538619,-4.2369000000000434e-05,-4.219530959457797,100
batch3,batch3-27,27,5.6C(36%)-4.3C-newstructure,newstructure,True,False,850.0,-4.130132317741366,1.0465508699417114,1.9786357879638672,-0.3611548950423552,-1.114147847693827,-4.649272727275475,10.045022333333327,35.30844806776433,0.014868693,-9.954799999999965e-05,-4.130260678084671,100
batch3,batch3-28,28,3.7C(31%)-5.9C-newstructure,newstructure,True,False,541.0,-3.45165787760518,1.0356355905532837,0.0,0.2996424377376573,-0.980301185763989,-26.725333333334298,10.05914166666674,35.69688828820833,0.013169404,0.00043592300000000125,-3.4516917015797475,100
batch3,batch3-29,29,5.9C(15%)-4.6C-newstructure,newstructure,True,False,858.0,-4.063576114758697,1.050610065460205,2.6330947875976562,-0.3484493686675275,-1.1797573744297691,-5.961212121213204,10.041687666666647,31.262889334066085,0.014745088,-0.00016551100000000013,-4.0646931479229655,100
batch3,batch3-30,30,5.3C(54%)-4C-newstructure,newstructure,True,False,935.0,-4.100225688314491,1.055137038230896,2.01416015625,-0.3873117125207454,-1.1369090092308618,-3.100909090907998,10.043678666666674,32.24311941023021,0.015509814,-0.00011412599999999912,-4.100334971388677,100
batch3,batch3-31,31,5.9C(60%)-3.1C-newstructure,newstructure,True,False,731.0,-3.8396031120794785,1.0534167289733887,1.099705696105957,-0.12085269290097811,-1.2916364730942116,-3.540727272728333,10.046477666666663,34.00003070157337,0.015812302,-2.983200000000047e-05,-3.8396519336875707,100
batch3,batch3-32,32,4.8C(80%)-4.8C-newstructure,newstructure,False,False,,-4.6733526549067355,1.0594723224639893,1.5506744384765625,1.08917372785453,1.79291425401715,-3.8338181818191908,11.037869333333315,35.436174962805026,0.015263474,-0.00017144699999999992,-4.677064500841717,100
batch3,batch3-33,33,5C(67%)-4C-newstructure,newstructure,True,False,1284.0,-4.395898376921114,1.0463674068450928,1.3594627380371094,-0.42003491326320114,-1.008925308267332,-5.687757575757686,10.043301333333366,33.10710984192206,0.015279103,-0.00015399299999999984,-4.3960315657939955,100
batch3,batch3-34,34,5.3C(54%)-4C-newstructure,newstructure,True,False,1158.0,-4.305659661363177,1.0468714237213135,1.6026496887207031,-0.18408041934292782,-1.1558141593052305,-7.76575757575774,10.044184666666649,35.77943527518051,0.015220164,-0.00010690799999999931,-4.305873796232718,100
batch3,batch3-35,35,5.6C(19%)-4.6C-newstructure,newstructure,True,False,1093.0,-4.234858330386991,1.0486609935760498,1.4278888702392578,-0.2963359834873608,-1.1528185989324844,-4.981272727276412,10.043148666666676,35.532941501822236,0.015308049,-7.601500000000046e-05,-4.235140322165774,100
batch3,batch3-36,36,5.6C(36%)-4.3C-newstructure,newstructure,True,False,923.0,-4.2534578748541625,1.0430511236190796,1.9273757934570312,-0.2511215257135235,-1.096826449826653,-5.938606060605355,10.043801000000046,35.87907157748097,0.015083324,-8.82880000000006e-05,-4.253604846848237,100
batch3,batch3-37,37,4.8C(80%)-4.8C-newstructure,newstructure,True,False,1390.0,-5.098855645354507,1.0323569774627686,3.035902976989746,1.132270857391533,3.4189867083487178,-6.313090909092821,11.038556666666702,35.01461049108638,0.01243343,-0.00013295699999999952,-5.159356075383725,100
batch3,batch3-38,38,5C(67%)-4C-newstructure,newstructure,True,False,1935.0,-4.342052885751192,1.056072473526001,1.249551773071289,-0.05416426918260814,-1.176887361779308,-6.188181818183164,10.044471,34.745836319764145,0.015742945,-0.00011589700000000022,-4.343159346336868,100
batch3,batch3-39,39,5.3C(54%)-4C-newstructure,newstructure,True,False,1156.0,-4.454635227756273,1.0337769985198975,2.8580427169799805,-0.29253829896286404,-1.0030131461810723,-2.41103030303177,10.043833000000012,33.887021839840784,0.015480768,-0.00015527400000000038,-4.45647702911394,100
batch3,batch3-40,40,5.6C(19%)-4.6C-newstructure,newstructure,True,False,796.0,-4.29510821174953,1.04341721534729,3.685116767883301,-0.31543039126354583,-1.1385134622710409,-4.828969696970309,10.043562999999995,34.05341123035083,0.015254971,-0.00023430500000000062,-4.295240012605732,100
batch3,batch3-41,41,5.6C(36%)-4.3C-newstructure,newstructure,True,False,786.0,-4.2195092012941755,1.0392646789550781,1.8080472946166992,-0.3571334173517347,-1.063131006870621,-5.06472727272885,10.042974333333357,33.640262798950594,0.017006677,-0.00017313199999999945,-4.219625364937629,100
batch3,batch3-42,42,4.8C(80%)-4.8C-newstructure,newstructure,True,False,1642.0,-4.346194968957672,1.051190972328186,2.398967742919922,1.9865726939492787,2.9202471176055482,-2.3201212121231736,11.038937333333307,33.03326599301577,0.015753616,-0.0005620929999999996,-4.347032126963803,100
batch3,batch3-43,43,5C(67%)-4C-newstructure,newstructure,True,False,1046.0,-4.316747985934323,1.0552105903625488,1.1218786239624023,0.9693083090523493,0.8468140162557338,-4.398121212123815,10.043887666666608,33.89526904792961,0.015550403,-0.00014502799999999844,-4.317207042383821,100
batch3,batch3-44,44,5.3C(54%)-4C-newstructure,newstructure,True,False,940.0,-4.131495550658464,1.0555208921432495,2.6117563247680664,-0.24461621502665076,-1.238396051210641,-1.7926666666705957,10.043435666666628,33.35164903826186,0.01551657,-0.00010574500000000084,-4.131644401009039,100
batch3,batch3-45,45,4.8C(80%)-4.8C-newstructure,newstructure,True,False,1801.0,-4.520850829796468,1.0540763139724731,2.3058652877807617,-0.3281435506429862,-1.1771279663142207,-0.7187878787901366,11.037649999999994,32.72596355233115,0.015557319,-7.953999999999947e-05,-4.520943410892556,100
