구분,,MAPE (%),비고
Train (Batch 1 CV),,6.85,"M1 Ridge(alpha=0.0001); 정책 단위 GroupKFold(5)×20회 nested 평균, fold SD 1.97 (SE 0.92); 학습 적합 5.98; 상수 예측 19.44; 최단 2셀 CV 오차 #20 +1.5%·#21 +5.4%"
Valid (Batch 1 Hold-out),,6.31,"Hold-out 9셀·5정책 고정 분할, 95% CI [3.47, 9.91]"
Test (Batch 2),,20.48,39셀 1회(Batch 1 36셀 재학습); 그룹 MAPE fastcharge 21.87 / newstructure 15.85; 평균 부호오차 +19.3%; 과대예측 35/39; 범위 안/밖·초기 용량 이동·break-in 점검은 model_performance_test_detail.csv
,Gap (Train-Valid),-0.54,(+) : 과적합 의심
,Gap (Valid-Test),+14.17,(+) : 배치간 일반화 저하 의심
,Gap (Target-Test),+11.38,Target : 원논문 9.1%
Test (Batch 3),,11.36,44셀 1회(Batch 1 36셀 재학습); 원저자 공개 코드 제거 4셀(#02·#37·#42·#43) 제외 시 10.77; 그룹 MAPE newstructure 11.36; 평균 부호오차 -7.1%; 과대예측 15/44; 범위 안/밖·초기 용량 이동·break-in 점검은 model_performance_test_detail.csv
,Gap (Batch2-Batch3),-9.12,Test 성능 간 비교
,Gap (Target-Test),+2.26,"Batch 3 기준, 원논문 성능 비교"
