sensitivity,model,role,seed,fold,n_test,test_policies,mape,inner_cv_mape,params,n_warnings
dq_med21_noisy_b1,M0,candidate,42,0,5,4.4C(80%)-4.4C;6C(50%)-3C;7C(40%)-3.6C,6.833130169446326,,{},0
dq_med21_noisy_b1,M0,candidate,42,1,6,5.4C(70%)-3C;6C(40%)-3C;8C(15%)-3.6C,9.40821432712225,,{},0
dq_med21_noisy_b1,M0,candidate,42,2,5,4.8C(80%)-4.8C;5.4C(40%)-3.6C;8C(25%)-3.6C,10.466794573737225,,{},0
dq_med21_noisy_b1,M0,candidate,42,3,6,5.4C(60%)-3C;6C(40%)-3.6C;7C(30%)-3.6C,11.469244978603944,,{},0
dq_med21_noisy_b1,M0,candidate,42,4,5,5.4C(50%)-3C;5.4C(80%)-5.4C;7C(40%)-3C,10.1359287822223,,{},0
dq_med21_noisy_b1,M0,candidate,43,0,6,6C(40%)-3.6C;6C(50%)-3C;7C(40%)-3.6C,8.267843936786859,,{},0
dq_med21_noisy_b1,M0,candidate,43,1,5,5.4C(40%)-3.6C;5.4C(80%)-5.4C;8C(25%)-3.6C,8.632273200985306,,{},0
dq_med21_noisy_b1,M0,candidate,43,2,5,5.4C(50%)-3C;6C(40%)-3C;7C(40%)-3C,12.686189580682889,,{},0
dq_med21_noisy_b1,M0,candidate,43,3,6,5.4C(70%)-3C;7C(30%)-3.6C;8C(15%)-3.6C,7.523835249889221,,{},0
dq_med21_noisy_b1,M0,candidate,43,4,5,4.4C(80%)-4.4C;4.8C(80%)-4.8C;5.4C(60%)-3C,13.671575956499938,,{},0
dq_med21_noisy_b1,M0,candidate,44,0,6,5.4C(70%)-3C;5.4C(80%)-5.4C;6C(40%)-3C,7.260467773378935,,{},0
dq_med21_noisy_b1,M0,candidate,44,1,6,6C(40%)-3.6C;6C(50%)-3C;7C(40%)-3C,8.287678813745012,,{},0
dq_med21_noisy_b1,M0,candidate,44,2,5,5.4C(40%)-3.6C;7C(30%)-3.6C;8C(25%)-3.6C,8.054428049828097,,{},0
dq_med21_noisy_b1,M0,candidate,44,3,5,4.4C(80%)-4.4C;7C(40%)-3.6C;8C(15%)-3.6C,6.30358872436431,,{},0
dq_med21_noisy_b1,M0,candidate,44,4,5,4.8C(80%)-4.8C;5.4C(50%)-3C;5.4C(60%)-3C,22.07421461677262,,{},0
dq_med21_noisy_b1,M0,candidate,45,0,6,5.4C(80%)-5.4C;6C(40%)-3C;6C(50%)-3C,9.010356688825732,,{},0
dq_med21_noisy_b1,M0,candidate,45,1,5,5.4C(40%)-3.6C;6C(40%)-3.6C;7C(30%)-3.6C,8.934632613539542,,{},0
dq_med21_noisy_b1,M0,candidate,45,2,6,4.8C(80%)-4.8C;5.4C(60%)-3C;8C(25%)-3.6C,13.206770605770906,,{},0
dq_med21_noisy_b1,M0,candidate,45,3,5,4.4C(80%)-4.4C;5.4C(70%)-3C;8C(15%)-3.6C,8.517206891683186,,{},0
dq_med21_noisy_b1,M0,candidate,45,4,5,5.4C(50%)-3C;7C(40%)-3.6C;7C(40%)-3C,9.038798212372809,,{},0
dq_med21_noisy_b1,M0,candidate,46,0,6,4.8C(80%)-4.8C;5.4C(80%)-5.4C;7C(40%)-3C,10.480863981023344,,{},0
dq_med21_noisy_b1,M0,candidate,46,1,5,4.4C(80%)-4.4C;6C(40%)-3.6C;7C(40%)-3.6C,5.753901907572846,,{},0
dq_med21_noisy_b1,M0,candidate,46,2,5,5.4C(40%)-3.6C;6C(50%)-3C;8C(25%)-3.6C,8.854361706202344,,{},0
dq_med21_noisy_b1,M0,candidate,46,3,5,5.4C(50%)-3C;5.4C(60%)-3C;7C(30%)-3.6C,21.616533715094555,,{},0
dq_med21_noisy_b1,M0,candidate,46,4,6,5.4C(70%)-3C;6C(40%)-3C;8C(15%)-3.6C,9.40821432712225,,{},0
dq_med21_noisy_b1,M0,candidate,47,0,5,5.4C(40%)-3.6C;5.4C(60%)-3C;5.4C(70%)-3C,11.67000283583827,,{},0
dq_med21_noisy_b1,M0,candidate,47,1,6,4.8C(80%)-4.8C;7C(30%)-3.6C;8C(15%)-3.6C,10.305266188916312,,{},0
dq_med21_noisy_b1,M0,candidate,47,2,5,4.4C(80%)-4.4C;6C(50%)-3C;7C(40%)-3C,7.717895962351674,,{},0
dq_med21_noisy_b1,M0,candidate,47,3,5,5.4C(50%)-3C;6C(40%)-3C;7C(40%)-3.6C,12.085644840404226,,{},0
dq_med21_noisy_b1,M0,candidate,47,4,6,5.4C(80%)-5.4C;6C(40%)-3.6C;8C(25%)-3.6C,6.507822278548487,,{},0
dq_med21_noisy_b1,M0,candidate,48,0,6,6C(40%)-3.6C;7C(40%)-3C;8C(15%)-3.6C,7.578077674420997,,{},0
dq_med21_noisy_b1,M0,candidate,48,1,6,5.4C(70%)-3C;6C(50%)-3C;7C(40%)-3.6C,8.296345560073727,,{},0
dq_med21_noisy_b1,M0,candidate,48,2,5,5.4C(40%)-3.6C;5.4C(80%)-5.4C;6C(40%)-3C,9.949607027508186,,{},0
dq_med21_noisy_b1,M0,candidate,48,3,6,5.4C(60%)-3C;7C(30%)-3.6C;8C(25%)-3.6C,12.240226897313821,,{},0
dq_med21_noisy_b1,M0,candidate,48,4,4,4.4C(80%)-4.4C;4.8C(80%)-4.8C;5.4C(50%)-3C,15.375738992618098,,{},0
dq_med21_noisy_b1,M0,candidate,49,0,4,4.4C(80%)-4.4C;5.4C(50%)-3C;7C(40%)-3C,10.800305803740432,,{},0
dq_med21_noisy_b1,M0,candidate,49,1,6,4.8C(80%)-4.8C;6C(40%)-3.6C;8C(25%)-3.6C,9.045257904929992,,{},0
dq_med21_noisy_b1,M0,candidate,49,2,5,5.4C(40%)-3.6C;6C(50%)-3C;7C(40%)-3.6C,8.235399446520422,,{},0
dq_med21_noisy_b1,M0,candidate,49,3,6,5.4C(60%)-3C;5.4C(70%)-3C;5.4C(80%)-5.4C,9.310747840026336,,{},0
dq_med21_noisy_b1,M0,candidate,49,4,6,6C(40%)-3C;7C(30%)-3.6C;8C(15%)-3.6C,9.052900430013235,,{},0
dq_med21_noisy_b1,M0,candidate,50,0,6,7C(30%)-3.6C;7C(40%)-3C;8C(15%)-3.6C,7.391784264734283,,{},0
dq_med21_noisy_b1,M0,candidate,50,1,4,5.4C(40%)-3.6C;5.4C(50%)-3C;6C(40%)-3C,15.330398438226267,,{},0
dq_med21_noisy_b1,M0,candidate,50,2,6,5.4C(70%)-3C;6C(40%)-3.6C;6C(50%)-3C,10.34857253070257,,{},0
dq_med21_noisy_b1,M0,candidate,50,3,6,4.8C(80%)-4.8C;5.4C(60%)-3C;5.4C(80%)-5.4C,12.699746138592568,,{},0
dq_med21_noisy_b1,M0,candidate,50,4,5,4.4C(80%)-4.4C;7C(40%)-3.6C;8C(25%)-3.6C,3.9398867039956613,,{},0
dq_med21_noisy_b1,M0,candidate,51,0,4,5.4C(40%)-3.6C;5.4C(50%)-3C;6C(40%)-3C,15.330398438226267,,{},0
dq_med21_noisy_b1,M0,candidate,51,1,6,4.8C(80%)-4.8C;5.4C(60%)-3C;6C(40%)-3.6C,13.023147511489086,,{},0
dq_med21_noisy_b1,M0,candidate,51,2,6,5.4C(80%)-5.4C;7C(30%)-3.6C;7C(40%)-3.6C,6.502042908882038,,{},0
dq_med21_noisy_b1,M0,candidate,51,3,5,4.4C(80%)-4.4C;7C(40%)-3C;8C(15%)-3.6C,7.651171606937441,,{},0
dq_med21_noisy_b1,M0,candidate,51,4,6,5.4C(70%)-3C;6C(50%)-3C;8C(25%)-3.6C,7.5983026201166535,,{},0
dq_med21_noisy_b1,M0,candidate,52,0,6,4.8C(80%)-4.8C;5.4C(60%)-3C;6C(40%)-3C,14.804366615882362,,{},0
dq_med21_noisy_b1,M0,candidate,52,1,5,5.4C(50%)-3C;6C(50%)-3C;7C(30%)-3.6C,13.170420621771681,,{},0
dq_med21_noisy_b1,M0,candidate,52,2,4,4.4C(80%)-4.4C;5.4C(40%)-3.6C;8C(25%)-3.6C,7.793980458539537,,{},0
dq_med21_noisy_b1,M0,candidate,52,3,6,5.4C(80%)-5.4C;6C(40%)-3.6C;8C(15%)-3.6C,8.529616110028,,{},0
dq_med21_noisy_b1,M0,candidate,52,4,6,5.4C(70%)-3C;7C(40%)-3.6C;7C(40%)-3C,4.742849828796433,,{},0
dq_med21_noisy_b1,M0,candidate,53,0,5,5.4C(50%)-3C;6C(40%)-3.6C;7C(40%)-3.6C,10.463299097007761,,{},0
dq_med21_noisy_b1,M0,candidate,53,1,6,4.8C(80%)-4.8C;7C(30%)-3.6C;8C(25%)-3.6C,10.282026658267517,,{},0
dq_med21_noisy_b1,M0,candidate,53,2,4,4.4C(80%)-4.4C;5.4C(40%)-3.6C;6C(40%)-3C,11.414713964114217,,{},0
dq_med21_noisy_b1,M0,candidate,53,3,6,5.4C(60%)-3C;5.4C(80%)-5.4C;7C(40%)-3C,10.279833491275934,,{},0
dq_med21_noisy_b1,M0,candidate,53,4,6,5.4C(70%)-3C;6C(50%)-3C;8C(15%)-3.6C,10.139460162315181,,{},0
dq_med21_noisy_b1,M0,candidate,54,0,5,5.4C(50%)-3C;8C(15%)-3.6C;8C(25%)-3.6C,9.829978240254647,,{},0
dq_med21_noisy_b1,M0,candidate,54,1,6,5.4C(60%)-3C;5.4C(80%)-5.4C;7C(30%)-3.6C,11.549867417964432,,{},0
dq_med21_noisy_b1,M0,candidate,54,2,6,6C(50%)-3C;7C(40%)-3.6C;7C(40%)-3C,5.673067043845751,,{},0
dq_med21_noisy_b1,M0,candidate,54,3,5,4.4C(80%)-4.4C;4.8C(80%)-4.8C;6C(40%)-3C,11.741761684607974,,{},0
dq_med21_noisy_b1,M0,candidate,54,4,5,5.4C(40%)-3.6C;5.4C(70%)-3C;6C(40%)-3.6C,9.764089706636472,,{},0
dq_med21_noisy_b1,M0,candidate,55,0,6,5.4C(60%)-3C;5.4C(80%)-5.4C;7C(40%)-3.6C,7.818489928230143,,{},0
dq_med21_noisy_b1,M0,candidate,55,1,4,4.4C(80%)-4.4C;5.4C(40%)-3.6C;6C(50%)-3C,12.143906453194816,,{},0
dq_med21_noisy_b1,M0,candidate,55,2,5,4.8C(80%)-4.8C;5.4C(50%)-3C;8C(25%)-3.6C,14.153131839187424,,{},0
dq_med21_noisy_b1,M0,candidate,55,3,6,5.4C(70%)-3C;6C(40%)-3C;7C(40%)-3C,7.598539428253519,,{},0
dq_med21_noisy_b1,M0,candidate,55,4,6,6C(40%)-3.6C;7C(30%)-3.6C;8C(15%)-3.6C,8.220070224059077,,{},0
dq_med21_noisy_b1,M0,candidate,56,0,6,6C(40%)-3C;7C(40%)-3C;8C(25%)-3.6C,7.309831214925834,,{},0
dq_med21_noisy_b1,M0,candidate,56,1,5,4.8C(80%)-4.8C;5.4C(50%)-3C;7C(40%)-3.6C,12.944723466407785,,{},0
dq_med21_noisy_b1,M0,candidate,56,2,6,5.4C(80%)-5.4C;6C(40%)-3.6C;8C(15%)-3.6C,8.529616110028,,{},0
dq_med21_noisy_b1,M0,candidate,56,3,5,5.4C(40%)-3.6C;6C(50%)-3C;7C(30%)-3.6C,9.906655126653261,,{},0
dq_med21_noisy_b1,M0,candidate,56,4,5,4.4C(80%)-4.4C;5.4C(60%)-3C;5.4C(70%)-3C,10.469333643931519,,{},0
dq_med21_noisy_b1,M0,candidate,57,0,6,5.4C(60%)-3C;7C(30%)-3.6C;7C(40%)-3C,12.444887706236745,,{},0
dq_med21_noisy_b1,M0,candidate,57,1,4,4.4C(80%)-4.4C;5.4C(50%)-3C;8C(15%)-3.6C,11.158239920441492,,{},0
dq_med21_noisy_b1,M0,candidate,57,2,6,4.8C(80%)-4.8C;6C(40%)-3.6C;6C(50%)-3C,11.694506747929239,,{},0
dq_med21_noisy_b1,M0,candidate,57,3,5,5.4C(40%)-3.6C;6C(40%)-3C;7C(40%)-3.6C,7.792481193172931,,{},0
dq_med21_noisy_b1,M0,candidate,57,4,6,5.4C(70%)-3C;5.4C(80%)-5.4C;8C(25%)-3.6C,5.869631846906645,,{},0
dq_med21_noisy_b1,M0,candidate,58,0,6,5.4C(80%)-5.4C;6C(40%)-3C;7C(40%)-3.6C,6.204536278362507,,{},0
dq_med21_noisy_b1,M0,candidate,58,1,5,5.4C(40%)-3.6C;7C(30%)-3.6C;8C(15%)-3.6C,9.451060882084853,,{},0
dq_med21_noisy_b1,M0,candidate,58,2,6,4.8C(80%)-4.8C;5.4C(60%)-3C;7C(40%)-3C,13.39639951753098,,{},0
dq_med21_noisy_b1,M0,candidate,58,3,6,5.4C(70%)-3C;6C(50%)-3C;8C(25%)-3.6C,7.5983026201166535,,{},0
dq_med21_noisy_b1,M0,candidate,58,4,4,4.4C(80%)-4.4C;5.4C(50%)-3C;6C(40%)-3.6C,11.719458591685816,,{},0
dq_med21_noisy_b1,M0,candidate,59,0,5,5.4C(40%)-3.6C;7C(30%)-3.6C;8C(25%)-3.6C,8.054428049828097,,{},0
dq_med21_noisy_b1,M0,candidate,59,1,6,5.4C(60%)-3C;5.4C(80%)-5.4C;6C(40%)-3C,10.917419832203523,,{},0
dq_med21_noisy_b1,M0,candidate,59,2,4,4.4C(80%)-4.4C;5.4C(50%)-3C;8C(15%)-3.6C,11.158239920441492,,{},0
dq_med21_noisy_b1,M0,candidate,59,3,6,5.4C(70%)-3C;6C(50%)-3C;7C(40%)-3.6C,8.296345560073727,,{},0
dq_med21_noisy_b1,M0,candidate,59,4,6,4.8C(80%)-4.8C;6C(40%)-3.6C;7C(40%)-3C,9.19971909038622,,{},0
dq_med21_noisy_b1,M0,candidate,60,0,6,5.4C(70%)-3C;7C(40%)-3.6C;7C(40%)-3C,4.742849828796433,,{},0
dq_med21_noisy_b1,M0,candidate,60,1,5,4.4C(80%)-4.4C;5.4C(60%)-3C;6C(40%)-3.6C,10.425295620629502,,{},0
dq_med21_noisy_b1,M0,candidate,60,2,5,5.4C(40%)-3.6C;6C(50%)-3C;8C(25%)-3.6C,8.854361706202344,,{},0
dq_med21_noisy_b1,M0,candidate,60,3,5,5.4C(50%)-3C;6C(40%)-3C;7C(30%)-3.6C,14.774104404518503,,{},0
dq_med21_noisy_b1,M0,candidate,60,4,6,4.8C(80%)-4.8C;5.4C(80%)-5.4C;8C(15%)-3.6C,10.84777835520876,,{},0
dq_med21_noisy_b1,M0,candidate,61,0,6,6C(50%)-3C;7C(30%)-3.6C;7C(40%)-3.6C,6.655547637987845,,{},0
dq_med21_noisy_b1,M0,candidate,61,1,6,5.4C(60%)-3C;5.4C(80%)-5.4C;8C(25%)-3.6C,10.070636583360793,,{},0
dq_med21_noisy_b1,M0,candidate,61,2,6,5.4C(70%)-3C;6C(40%)-3.6C;6C(40%)-3C,9.651233017779871,,{},0
dq_med21_noisy_b1,M0,candidate,61,3,5,4.4C(80%)-4.4C;4.8C(80%)-4.8C;7C(40%)-3C,9.521546945013029,,{},0
dq_med21_noisy_b1,M0,candidate,61,4,4,5.4C(40%)-3.6C;5.4C(50%)-3C;8C(15%)-3.6C,13.013842238418516,,{},0
dq_med21_noisy_b1,M1,candidate,42,0,5,4.4C(80%)-4.4C;6C(50%)-3C;7C(40%)-3.6C,6.861111406076153,5.934747948794009,"{""model__alpha"": 0.0001}",0
dq_med21_noisy_b1,M1,candidate,42,1,6,5.4C(70%)-3C;6C(40%)-3C;8C(15%)-3.6C,9.009394880740494,5.173402355584589,"{""model__alpha"": 1.0}",0
dq_med21_noisy_b1,M1,candidate,42,2,5,4.8C(80%)-4.8C;5.4C(40%)-3.6C;8C(25%)-3.6C,8.072623563775725,6.852886647673098,"{""model__alpha"": 0.0001}",0
dq_med21_noisy_b1,M1,candidate,42,3,6,5.4C(60%)-3C;6C(40%)-3.6C;7C(30%)-3.6C,5.789576685869935,7.678415956343706,"{""model__alpha"": 0.0001}",0
dq_med21_noisy_b1,M1,candidate,42,4,5,5.4C(50%)-3C;5.4C(80%)-5.4C;7C(40%)-3C,7.073316865099683,7.256895230409173,"{""model__alpha"": 3.1622776601683795}",0
dq_med21_noisy_b1,M1,candidate,43,0,6,6C(40%)-3.6C;6C(50%)-3C;7C(40%)-3.6C,5.80519322350295,6.45618284681934,"{""model__alpha"": 1.0}",0
dq_med21_noisy_b1,M1,candidate,43,1,5,5.4C(40%)-3.6C;5.4C(80%)-5.4C;8C(25%)-3.6C,3.777668233701769,7.117715347959999,"{""model__alpha"": 0.0001}",0
dq_med21_noisy_b1,M1,candidate,43,2,5,5.4C(50%)-3C;6C(40%)-3C;7C(40%)-3C,7.241894458172163,6.51795106487436,"{""model__alpha"": 0.1778279410038923}",0
dq_med21_noisy_b1,M1,candidate,43,3,6,5.4C(70%)-3C;7C(30%)-3.6C;8C(15%)-3.6C,6.579468530407991,6.3196997320852,"{""model__alpha"": 0.5623413251903491}",0
dq_med21_noisy_b1,M1,candidate,43,4,5,4.4C(80%)-4.4C;4.8C(80%)-4.8C;5.4C(60%)-3C,9.321859386121009,6.931599294476506,"{""model__alpha"": 0.0001}",0
dq_med21_noisy_b1,M1,candidate,44,0,6,5.4C(70%)-3C;5.4C(80%)-5.4C;6C(40%)-3C,8.612863141096156,6.036204153290225,"{""model__alpha"": 0.0001}",0
dq_med21_noisy_b1,M1,candidate,44,1,6,6C(40%)-3.6C;6C(50%)-3C;7C(40%)-3C,5.160930229064212,7.292141381335952,"{""model__alpha"": 1.0}",0
dq_med21_noisy_b1,M1,candidate,44,2,5,5.4C(40%)-3.6C;7C(30%)-3.6C;8C(25%)-3.6C,4.553961700208769,7.584341719795504,"{""model__alpha"": 0.0001}",0
dq_med21_noisy_b1,M1,candidate,44,3,5,4.4C(80%)-4.4C;7C(40%)-3.6C;8C(15%)-3.6C,5.689387800232363,7.378790070609796,"{""model__alpha"": 0.31622776601683794}",0
dq_med21_noisy_b1,M1,candidate,44,4,5,4.8C(80%)-4.8C;5.4C(50%)-3C;5.4C(60%)-3C,12.36101555593784,6.391139819322472,"{""model__alpha"": 0.0001}",0
dq_med21_noisy_b1,M1,candidate,45,0,6,5.4C(80%)-5.4C;6C(40%)-3C;6C(50%)-3C,7.451564653855212,6.084931105883145,"{""model__alpha"": 0.0001}",0
dq_med21_noisy_b1,M1,candidate,45,1,5,5.4C(40%)-3.6C;6C(40%)-3.6C;7C(30%)-3.6C,4.701432117693103,7.553054815623869,"{""model__alpha"": 1.0}",0
dq_med21_noisy_b1,M1,candidate,45,2,6,4.8C(80%)-4.8C;5.4C(60%)-3C;8C(25%)-3.6C,8.576410101671517,6.998934993923825,"{""model__alpha"": 0.0001}",0
dq_med21_noisy_b1,M1,candidate,45,3,5,4.4C(80%)-4.4C;5.4C(70%)-3C;8C(15%)-3.6C,7.088237404372107,6.0040644321848395,"{""model__alpha"": 0.0001}",0
dq_med21_noisy_b1,M1,candidate,45,4,5,5.4C(50%)-3C;7C(40%)-3.6C;7C(40%)-3C,5.013462325744989,8.005489274357934,"{""model__alpha"": 0.0001}",0
dq_med21_noisy_b1,M1,candidate,46,0,6,4.8C(80%)-4.8C;5.4C(80%)-5.4C;7C(40%)-3C,9.981666576863505,6.096288259288465,"{""model__alpha"": 0.0001}",0
dq_med21_noisy_b1,M1,candidate,46,1,5,4.4C(80%)-4.4C;6C(40%)-3.6C;7C(40%)-3.6C,4.134498557122832,6.957836035721978,"{""model__alpha"": 0.0001}",0
dq_med21_noisy_b1,M1,candidate,46,2,5,5.4C(40%)-3.6C;6C(50%)-3C;8C(25%)-3.6C,5.636912967748192,6.191552438893383,"{""model__alpha"": 0.1778279410038923}",0
dq_med21_noisy_b1,M1,candidate,46,3,5,5.4C(50%)-3C;5.4C(60%)-3C;7C(30%)-3.6C,12.090932372860005,5.827572974486187,"{""model__alpha"": 0.1778279410038923}",0
dq_med21_noisy_b1,M1,candidate,46,4,6,5.4C(70%)-3C;6C(40%)-3C;8C(15%)-3.6C,9.009394880740494,5.173402355584589,"{""model__alpha"": 1.0}",0
dq_med21_noisy_b1,M1,candidate,47,0,5,5.4C(40%)-3.6C;5.4C(60%)-3C;5.4C(70%)-3C,7.7076981125826585,6.019917774356499,"{""model__alpha"": 0.1778279410038923}",0
dq_med21_noisy_b1,M1,candidate,47,1,6,4.8C(80%)-4.8C;7C(30%)-3.6C;8C(15%)-3.6C,9.475361656699576,6.498309269419626,"{""model__alpha"": 0.0001}",0
dq_med21_noisy_b1,M1,candidate,47,2,5,4.4C(80%)-4.4C;6C(50%)-3C;7C(40%)-3C,5.989015874416313,6.080900018972454,"{""model__alpha"": 0.0001}",0
dq_med21_noisy_b1,M1,candidate,47,3,5,5.4C(50%)-3C;6C(40%)-3C;7C(40%)-3.6C,7.921145190997968,6.2464443478996445,"{""model__alpha"": 0.0001}",0
dq_med21_noisy_b1,M1,candidate,47,4,6,5.4C(80%)-5.4C;6C(40%)-3.6C;8C(25%)-3.6C,3.7101869643106475,7.985420751769139,"{""model__alpha"": 1.7782794100389228}",0
dq_med21_noisy_b1,M1,candidate,48,0,6,6C(40%)-3.6C;7C(40%)-3C;8C(15%)-3.6C,3.7319304251029384,7.364667756188341,"{""model__alpha"": 0.0001}",0
dq_med21_noisy_b1,M1,candidate,48,1,6,5.4C(70%)-3C;6C(50%)-3C;7C(40%)-3.6C,8.511608468388852,5.41946300099986,"{""model__alpha"": 1.7782794100389228}",0
dq_med21_noisy_b1,M1,candidate,48,2,5,5.4C(40%)-3.6C;5.4C(80%)-5.4C;6C(40%)-3C,7.462472985911245,6.478539435677153,"{""model__alpha"": 0.0001}",0
dq_med21_noisy_b1,M1,candidate,48,3,6,5.4C(60%)-3C;7C(30%)-3.6C;8C(25%)-3.6C,6.367712370853488,7.9977557866923785,"{""model__alpha"": 0.0001}",0
dq_med21_noisy_b1,M1,candidate,48,4,4,4.4C(80%)-4.4C;4.8C(80%)-4.8C;5.4C(50%)-3C,8.41085700109291,7.086414054288753,"{""model__alpha"": 0.0001}",0
dq_med21_noisy_b1,M1,candidate,49,0,4,4.4C(80%)-4.4C;5.4C(50%)-3C;7C(40%)-3C,5.050572171504593,7.707677408494584,"{""model__alpha"": 1.7782794100389228}",0
dq_med21_noisy_b1,M1,candidate,49,1,6,4.8C(80%)-4.8C;6C(40%)-3.6C;8C(25%)-3.6C,6.663600862270659,6.65858402615487,"{""model__alpha"": 0.0001}",0
dq_med21_noisy_b1,M1,candidate,49,2,5,5.4C(40%)-3.6C;6C(50%)-3C;7C(40%)-3.6C,7.17980265784979,5.803354514712425,"{""model__alpha"": 0.0001}",0
dq_med21_noisy_b1,M1,candidate,49,3,6,5.4C(60%)-3C;5.4C(70%)-3C;5.4C(80%)-5.4C,6.248345600756137,6.917841624005838,"{""model__alpha"": 0.05623413251903491}",0
dq_med21_noisy_b1,M1,candidate,49,4,6,6C(40%)-3C;7C(30%)-3.6C;8C(15%)-3.6C,7.694177233491077,6.9266720233529,"{""model__alpha"": 0.0001}",0
dq_med21_noisy_b1,M1,candidate,50,0,6,7C(30%)-3.6C;7C(40%)-3C;8C(15%)-3.6C,5.7470042588002395,7.806873963374722,"{""model__alpha"": 0.03162277660168379}",0
dq_med21_noisy_b1,M1,candidate,50,1,4,5.4C(40%)-3.6C;5.4C(50%)-3C;6C(40%)-3C,8.170390517317722,6.290088075932326,"{""model__alpha"": 0.0001}",0
dq_med21_noisy_b1,M1,candidate,50,2,6,5.4C(70%)-3C;6C(40%)-3.6C;6C(50%)-3C,7.528812592268612,5.8532351042052735,"{""model__alpha"": 0.31622776601683794}",0
dq_med21_noisy_b1,M1,candidate,50,3,6,4.8C(80%)-4.8C;5.4C(60%)-3C;5.4C(80%)-5.4C,8.893511469948718,6.225743444319202,"{""model__alpha"": 0.05623413251903491}",0
dq_med21_noisy_b1,M1,candidate,50,4,5,4.4C(80%)-4.4C;7C(40%)-3.6C;8C(25%)-3.6C,4.780799688395922,7.663132908309937,"{""model__alpha"": 0.0001}",0
dq_med21_noisy_b1,M1,candidate,51,0,4,5.4C(40%)-3.6C;5.4C(50%)-3C;6C(40%)-3C,8.170390517317722,6.290088075932326,"{""model__alpha"": 0.0001}",0
dq_med21_noisy_b1,M1,candidate,51,1,6,4.8C(80%)-4.8C;5.4C(60%)-3C;6C(40%)-3.6C,7.5960274141936015,6.623462358583817,"{""model__alpha"": 0.0001}",0
dq_med21_noisy_b1,M1,candidate,51,2,6,5.4C(80%)-5.4C;7C(30%)-3.6C;7C(40%)-3.6C,5.057637299061814,6.732415135641583,"{""model__alpha"": 0.0001}",0
dq_med21_noisy_b1,M1,candidate,51,3,5,4.4C(80%)-4.4C;7C(40%)-3C;8C(15%)-3.6C,5.241260640199206,7.800598939919064,"{""model__alpha"": 0.5623413251903491}",0
dq_med21_noisy_b1,M1,candidate,51,4,6,5.4C(70%)-3C;6C(50%)-3C;8C(25%)-3.6C,6.798878920906006,5.891477178922257,"{""model__alpha"": 1.7782794100389228}",0
dq_med21_noisy_b1,M1,candidate,52,0,6,4.8C(80%)-4.8C;5.4C(60%)-3C;6C(40%)-3C,11.517409883789787,5.177023775576859,"{""model__alpha"": 0.0001}",0
dq_med21_noisy_b1,M1,candidate,52,1,5,5.4C(50%)-3C;6C(50%)-3C;7C(30%)-3.6C,6.336116791548236,7.362120913368189,"{""model__alpha"": 0.05623413251903491}",0
dq_med21_noisy_b1,M1,candidate,52,2,4,4.4C(80%)-4.4C;5.4C(40%)-3.6C;8C(25%)-3.6C,4.331587406750325,7.3616250237925005,"{""model__alpha"": 0.1}",0
dq_med21_noisy_b1,M1,candidate,52,3,6,5.4C(80%)-5.4C;6C(40%)-3.6C;8C(15%)-3.6C,4.480583927793911,7.5649680418786645,"{""model__alpha"": 1.7782794100389228}",0
dq_med21_noisy_b1,M1,candidate,52,4,6,5.4C(70%)-3C;7C(40%)-3.6C;7C(40%)-3C,6.865790644751513,5.966628485909608,"{""model__alpha"": 0.0001}",0
dq_med21_noisy_b1,M1,candidate,53,0,5,5.4C(50%)-3C;6C(40%)-3.6C;7C(40%)-3.6C,3.7789075947128783,7.388192315934165,"{""model__alpha"": 0.0001}",0
dq_med21_noisy_b1,M1,candidate,53,1,6,4.8C(80%)-4.8C;7C(30%)-3.6C;8C(25%)-3.6C,8.832244039892084,6.9405045899764115,"{""model__alpha"": 0.0001}",0
dq_med21_noisy_b1,M1,candidate,53,2,4,4.4C(80%)-4.4C;5.4C(40%)-3.6C;6C(40%)-3C,9.51482819005459,6.256956348652429,"{""model__alpha"": 0.0001}",0
dq_med21_noisy_b1,M1,candidate,53,3,6,5.4C(60%)-3C;5.4C(80%)-5.4C;7C(40%)-3C,5.910829284635675,6.945742647592858,"{""model__alpha"": 0.0001}",0
dq_med21_noisy_b1,M1,candidate,53,4,6,5.4C(70%)-3C;6C(50%)-3C;8C(15%)-3.6C,7.920699982731656,5.629940703358949,"{""model__alpha"": 1.7782794100389228}",0
dq_med21_noisy_b1,M1,candidate,54,0,5,5.4C(50%)-3C;8C(15%)-3.6C;8C(25%)-3.6C,3.5924010462741727,8.557329544135913,"{""model__alpha"": 0.0001}",0
dq_med21_noisy_b1,M1,candidate,54,1,6,5.4C(60%)-3C;5.4C(80%)-5.4C;7C(30%)-3.6C,6.412997609522393,7.370558290607384,"{""model__alpha"": 0.0001}",0
dq_med21_noisy_b1,M1,candidate,54,2,6,6C(50%)-3C;7C(40%)-3.6C;7C(40%)-3C,5.98881306452807,6.33843467598494,"{""model__alpha"": 0.0001}",0
dq_med21_noisy_b1,M1,candidate,54,3,5,4.4C(80%)-4.4C;4.8C(80%)-4.8C;6C(40%)-3C,11.50032075778321,5.29789079213592,"{""model__alpha"": 0.0001}",0
dq_med21_noisy_b1,M1,candidate,54,4,5,5.4C(40%)-3.6C;5.4C(70%)-3C;6C(40%)-3.6C,6.527317889160048,5.946177992481958,"{""model__alpha"": 1.0}",0
dq_med21_noisy_b1,M1,candidate,55,0,6,5.4C(60%)-3C;5.4C(80%)-5.4C;7C(40%)-3.6C,5.2655347474047325,6.781645618934441,"{""model__alpha"": 0.0001}",0
dq_med21_noisy_b1,M1,candidate,55,1,4,4.4C(80%)-4.4C;5.4C(40%)-3.6C;6C(50%)-3C,8.031280690809233,5.969301703001604,"{""model__alpha"": 0.0001}",0
dq_med21_noisy_b1,M1,candidate,55,2,5,4.8C(80%)-4.8C;5.4C(50%)-3C;8C(25%)-3.6C,7.602029646402034,7.291389943914307,"{""model__alpha"": 0.0001}",0
dq_med21_noisy_b1,M1,candidate,55,3,6,5.4C(70%)-3C;6C(40%)-3C;7C(40%)-3C,8.333452539504679,5.477573333723717,"{""model__alpha"": 1.7782794100389228}",0
dq_med21_noisy_b1,M1,candidate,55,4,6,6C(40%)-3.6C;7C(30%)-3.6C;8C(15%)-3.6C,4.102743215840851,7.950603823121735,"{""model__alpha"": 0.0001}",0
dq_med21_noisy_b1,M1,candidate,56,0,6,6C(40%)-3C;7C(40%)-3C;8C(25%)-3.6C,6.606382402457226,6.433674478925211,"{""model__alpha"": 0.1778279410038923}",0
dq_med21_noisy_b1,M1,candidate,56,1,5,4.8C(80%)-4.8C;5.4C(50%)-3C;7C(40%)-3.6C,9.05548269929217,6.778114746371605,"{""model__alpha"": 0.0001}",0
dq_med21_noisy_b1,M1,candidate,56,2,6,5.4C(80%)-5.4C;6C(40%)-3.6C;8C(15%)-3.6C,4.480583927793911,7.5649680418786645,"{""model__alpha"": 1.7782794100389228}",0
dq_med21_noisy_b1,M1,candidate,56,3,5,5.4C(40%)-3.6C;6C(50%)-3C;7C(30%)-3.6C,6.656277805446642,6.6392731501725875,"{""model__alpha"": 0.0001}",0
dq_med21_noisy_b1,M1,candidate,56,4,5,4.4C(80%)-4.4C;5.4C(60%)-3C;5.4C(70%)-3C,7.184788926039403,6.153227480081989,"{""model__alpha"": 0.31622776601683794}",0
dq_med21_noisy_b1,M1,candidate,57,0,6,5.4C(60%)-3C;7C(30%)-3.6C;7C(40%)-3C,7.748521966008719,7.549571593030822,"{""model__alpha"": 0.0001}",0
dq_med21_noisy_b1,M1,candidate,57,1,4,4.4C(80%)-4.4C;5.4C(50%)-3C;8C(15%)-3.6C,4.6544442241059905,7.639953434740123,"{""model__alpha"": 1.7782794100389228}",0
dq_med21_noisy_b1,M1,candidate,57,2,6,4.8C(80%)-4.8C;6C(40%)-3.6C;6C(50%)-3C,6.994381625119712,7.031105393681046,"{""model__alpha"": 0.0001}",0
dq_med21_noisy_b1,M1,candidate,57,3,5,5.4C(40%)-3.6C;6C(40%)-3C;7C(40%)-3.6C,8.798560279190445,5.672131746570118,"{""model__alpha"": 0.0001}",0
dq_med21_noisy_b1,M1,candidate,57,4,6,5.4C(70%)-3C;5.4C(80%)-5.4C;8C(25%)-3.6C,4.888909434407504,6.71368430328935,"{""model__alpha"": 1.0}",0
dq_med21_noisy_b1,M1,candidate,58,0,6,5.4C(80%)-5.4C;6C(40%)-3C;7C(40%)-3.6C,7.148026026668029,5.9579048205084515,"{""model__alpha"": 1.0}",0
dq_med21_noisy_b1,M1,candidate,58,1,5,5.4C(40%)-3.6C;7C(30%)-3.6C;8C(15%)-3.6C,5.706963274791642,7.357134712033314,"{""model__alpha"": 0.5623413251903491}",0
dq_med21_noisy_b1,M1,candidate,58,2,6,4.8C(80%)-4.8C;5.4C(60%)-3C;7C(40%)-3C,10.016127088005659,6.5942349195826235,"{""model__alpha"": 0.0001}",0
dq_med21_noisy_b1,M1,candidate,58,3,6,5.4C(70%)-3C;6C(50%)-3C;8C(25%)-3.6C,6.798878920906006,5.891477178922257,"{""model__alpha"": 1.7782794100389228}",0
dq_med21_noisy_b1,M1,candidate,58,4,4,4.4C(80%)-4.4C;5.4C(50%)-3C;6C(40%)-3.6C,3.246883712106456,7.3655334381939115,"{""model__alpha"": 1.0}",0
dq_med21_noisy_b1,M1,candidate,59,0,5,5.4C(40%)-3.6C;7C(30%)-3.6C;8C(25%)-3.6C,4.553961700208769,7.584341719795504,"{""model__alpha"": 0.0001}",0
dq_med21_noisy_b1,M1,candidate,59,1,6,5.4C(60%)-3C;5.4C(80%)-5.4C;6C(40%)-3C,7.33236140756577,7.293117615585093,"{""model__alpha"": 0.5623413251903491}",0
dq_med21_noisy_b1,M1,candidate,59,2,4,4.4C(80%)-4.4C;5.4C(50%)-3C;8C(15%)-3.6C,4.6544442241059905,7.639953434740123,"{""model__alpha"": 1.7782794100389228}",0
dq_med21_noisy_b1,M1,candidate,59,3,6,5.4C(70%)-3C;6C(50%)-3C;7C(40%)-3.6C,8.511608468388852,5.41946300099986,"{""model__alpha"": 1.7782794100389228}",0
dq_med21_noisy_b1,M1,candidate,59,4,6,4.8C(80%)-4.8C;6C(40%)-3.6C;7C(40%)-3C,7.628009996077805,6.642591086704483,"{""model__alpha"": 0.0001}",0
dq_med21_noisy_b1,M1,candidate,60,0,6,5.4C(70%)-3C;7C(40%)-3.6C;7C(40%)-3C,6.865790644751513,5.966628485909608,"{""model__alpha"": 0.0001}",0
dq_med21_noisy_b1,M1,candidate,60,1,5,4.4C(80%)-4.4C;5.4C(60%)-3C;6C(40%)-3.6C,4.6220327653621345,6.945548061421141,"{""model__alpha"": 0.5623413251903491}",0
dq_med21_noisy_b1,M1,candidate,60,2,5,5.4C(40%)-3.6C;6C(50%)-3C;8C(25%)-3.6C,5.636912967748192,6.191552438893383,"{""model__alpha"": 0.1778279410038923}",0
dq_med21_noisy_b1,M1,candidate,60,3,5,5.4C(50%)-3C;6C(40%)-3C;7C(30%)-3.6C,8.010891063526174,7.169674056311974,"{""model__alpha"": 0.31622776601683794}",0
dq_med21_noisy_b1,M1,candidate,60,4,6,4.8C(80%)-4.8C;5.4C(80%)-5.4C;8C(15%)-3.6C,8.465986328889223,6.034369647945195,"{""model__alpha"": 0.0001}",0
dq_med21_noisy_b1,M1,candidate,61,0,6,6C(50%)-3C;7C(30%)-3.6C;7C(40%)-3.6C,6.451725517499327,6.177718057062551,"{""model__alpha"": 0.31622776601683794}",0
dq_med21_noisy_b1,M1,candidate,61,1,6,5.4C(60%)-3C;5.4C(80%)-5.4C;8C(25%)-3.6C,4.286211315028518,7.234299825035679,"{""model__alpha"": 0.0001}",0
dq_med21_noisy_b1,M1,candidate,61,2,6,5.4C(70%)-3C;6C(40%)-3.6C;6C(40%)-3C,8.428814692950484,5.881493414703961,"{""model__alpha"": 0.0001}",0
dq_med21_noisy_b1,M1,candidate,61,3,5,4.4C(80%)-4.4C;4.8C(80%)-4.8C;7C(40%)-3C,9.307250701987071,6.658677093297659,"{""model__alpha"": 0.5623413251903491}",0
dq_med21_noisy_b1,M1,candidate,61,4,4,5.4C(40%)-3.6C;5.4C(50%)-3C;8C(15%)-3.6C,5.21877639207034,7.5085041761606774,"{""model__alpha"": 1.7782794100389228}",0
